,Дата,Brent_prices,ACWI_indexes,Dow_Jones_indexes,DXY_indexes,FTSE_100_indexes,MOEX_indexes,RTS_indexes,SPX_indexes,USD_RUB_rates
0,01.02.2010,73.11,40.79,10185.53,79.420,5247.40,1417.00,1470.79,1089.19,30.2950
1,02.02.2010,76.06,41.45,10296.85,79.180,5283.30,1436.63,1498.75,1103.32,30.0750
2,03.02.2010,75.92,41.10,10270.55,79.550,5253.10,1431.08,1507.15,1097.28,29.9945
3,04.02.2010,72.13,39.61,10002.18,80.075,5139.30,1395.87,1463.01,1063.11,30.1750
4,05.02.2010,69.59,39.49,10012.23,80.595,5060.90,1355.64,1411.14,1066.19,30.3655
5,08.02.2010,70.11,39.19,9908.39,80.440,5092.30,1322.15,1375.34,1056.74,30.5305
6,09.02.2010,72.13,39.99,10058.64,79.990,5111.80,1338.16,1390.32,1070.52,30.3425
7,10.02.2010,72.54,39.98,10038.38,80.140,5132.00,1327.24,1387.11,1068.13,30.3091
8,11.02.2010,73.05,40.37,10144.19,80.100,5161.50,1329.35,1391.94,1078.47,30.1439
9,12.02.2010,72.90,40.18,10099.14,80.410,5142.50,1304.86,1363.83,1075.51,30.2120
10,16.02.2010,75.68,41.02,10268.81,79.755,5244.10,1361.49,1418.16,1094.87,30.0067
11,17.02.2010,76.27,41.12,10309.24,80.475,5276.60,1354.09,1421.97,1099.51,30.1232
12,18.02.2010,77.78,41.33,10392.90,80.465,5325.10,1338.77,1410.85,1106.75,30.0383
13,19.02.2010,78.19,41.18,10402.35,80.720,5358.20,1353.75,1423.13,1109.17,29.9647
14,24.02.2010,78.09,40.97,10374.16,80.915,5342.90,1334.53,1401.48,1105.24,30.0150
15,25.02.2010,76.29,40.70,10321.03,80.860,5278.20,1306.46,1373.11,1102.94,30.0124
16,26.02.2010,77.59,40.92,10325.26,80.440,5354.50,1323.72,1390.25,1104.49,29.9350
17,01.03.2010,76.89,41.49,10403.79,80.705,5405.90,1356.27,1429.77,1115.71,29.9651
18,02.03.2010,78.18,41.64,10405.98,80.575,5484.10,1368.09,1445.62,1118.31,29.9863
19,03.03.2010,79.25,41.90,10396.76,80.020,5533.20,1379.32,1460.20,1118.79,29.7710
20,04.03.2010,78.54,41.77,10444.14,80.585,5527.20,1384.44,1470.41,1122.97,29.8215
21,05.03.2010,79.89,42.61,10566.20,80.460,5599.80,1414.37,1508.21,1138.70,29.8413
22,09.03.2010,79.91,42.51,10564.38,80.605,5602.30,1412.55,1502.70,1140.45,29.7360
23,10.03.2010,80.48,42.68,10567.33,80.465,5640.60,1402.35,1501.40,1145.61,29.5570
24,11.03.2010,80.28,42.90,10611.84,80.315,5617.30,1395.91,1504.04,1150.24,29.4560
25,12.03.2010,79.39,43.05,10624.69,79.840,5625.60,1415.75,1534.68,1149.99,29.2910
26,15.03.2010,77.89,42.93,10642.15,80.175,5593.90,1400.19,1514.40,1150.51,29.4240
27,16.03.2010,79.02,43.36,10685.98,79.995,5620.40,1420.76,1536.79,1159.46,29.2830
28,17.03.2010,81.96,43.68,10733.67,79.850,5644.60,1435.31,1563.46,1166.21,29.1740
29,18.03.2010,81.48,43.41,10779.17,80.440,5642.60,1433.45,1558.80,1165.83,29.3060
30,19.03.2010,79.88,43.05,10741.98,80.975,5650.10,1421.09,1544.71,1159.90,29.3400
31,22.03.2010,80.54,43.22,10785.89,80.883,5644.50,1417.55,1525.59,1165.81,29.5290
32,23.03.2010,80.70,43.50,10888.83,81.118,5673.60,1410.61,1524.96,1174.17,29.5410
33,24.03.2010,79.62,42.97,10836.15,82.106,5677.90,1404.77,1514.58,1167.72,29.7010
34,25.03.2010,79.61,42.95,10841.21,82.405,5727.60,1406.66,1515.04,1165.73,29.6070
35,26.03.2010,79.29,43.18,10850.36,81.978,5703.00,1415.54,1519.87,1166.59,29.5960
36,29.03.2010,81.17,43.63,10895.86,81.624,5710.70,1440.20,1551.57,1173.22,29.4860
37,30.03.2010,81.28,43.68,10907.42,81.738,5672.30,1443.81,1562.29,1173.27,29.5100
38,31.03.2010,82.70,43.51,10856.63,81.291,5679.60,1450.15,1572.48,1169.43,29.4340
39,01.04.2010,84.01,44.13,10927.07,80.972,5744.90,1479.66,1608.39,1178.10,29.2550
40,06.04.2010,86.15,44.52,10969.99,81.570,5780.40,1498.64,1633.32,1189.44,29.3250
41,07.04.2010,85.59,44.20,10897.52,81.612,5762.10,1478.44,1613.88,1182.45,29.3220
42,08.04.2010,84.81,44.33,10927.07,81.701,5712.70,1476.59,1600.84,1186.44,29.4170
43,09.04.2010,84.83,44.68,10997.35,81.241,5771.00,1496.88,1631.81,1194.37,29.1350
44,12.04.2010,84.77,44.76,11005.97,80.692,5777.60,1502.66,1648.43,1196.48,29.0160
45,13.04.2010,84.72,44.65,11019.42,80.625,5761.70,1499.34,1643.98,1197.30,29.0440
46,14.04.2010,86.15,45.29,11123.11,80.291,5796.30,1526.61,1673.41,1210.65,28.9470
47,15.04.2010,87.17,45.12,11144.57,80.585,5825.00,1530.93,1676.27,1211.67,28.9990
48,16.04.2010,85.99,44.34,11018.66,80.944,5744.00,1495.08,1642.57,1192.13,29.0700
49,19.04.2010,84.23,44.26,11092.05,81.105,5727.90,1459.17,1601.67,1197.52,29.1380
50,20.04.2010,84.80,44.76,11117.06,81.141,5783.70,1473.92,1619.43,1207.17,29.1450
51,21.04.2010,85.70,44.50,11124.92,81.266,5723.40,1465.87,1610.23,1205.94,29.1350
52,22.04.2010,85.67,44.54,11134.29,81.682,5665.30,1443.36,1583.54,1208.67,29.2593
53,23.04.2010,87.25,44.93,11204.28,81.498,5723.60,1467.62,1602.99,1217.28,29.1155
54,26.04.2010,86.83,44.68,11205.03,81.615,5753.90,1484.26,1626.10,1212.05,29.0480
55,27.04.2010,85.78,43.42,10991.99,82.310,5603.50,1464.17,1603.59,1183.71,29.3565
56,28.04.2010,86.16,43.51,11045.27,82.535,5586.60,1430.28,1563.10,1191.36,29.3445
57,29.04.2010,86.90,44.14,11167.32,82.161,5617.80,1455.14,1588.75,1206.78,29.2330
58,30.04.2010,87.44,43.41,11008.61,81.991,5553.30,1436.04,1572.84,1186.69,29.2150
59,04.05.2010,85.67,42.48,10926.77,83.421,5411.10,1393.07,1517.83,1173.60,29.5947
60,05.05.2010,82.61,41.66,10868.12,84.200,5341.90,1378.43,1464.65,1165.87,30.0456
61,06.05.2010,79.83,40.30,10520.32,85.047,5261.00,1365.13,1450.47,1128.15,30.7190
62,07.05.2010,78.27,39.75,10380.43,84.659,5123.00,1288.61,1369.91,1110.88,30.4993
63,11.05.2010,80.49,41.66,10748.26,84.613,5334.20,1334.15,1420.54,1155.79,30.2220
64,12.05.2010,81.20,42.29,10896.91,84.967,5383.50,1391.87,1485.36,1171.67,30.0230
65,13.05.2010,80.11,41.90,10782.95,85.342,5433.70,1378.70,1476.03,1157.44,29.9998
66,14.05.2010,77.18,40.95,10620.16,86.231,5262.90,1352.01,1441.68,1135.68,30.3550
67,17.05.2010,75.10,40.97,10625.83,86.377,5262.50,1357.26,1422.72,1136.94,30.5385
68,18.05.2010,74.43,40.25,10510.95,87.315,5307.30,1362.32,1438.94,1120.80,30.5015
69,19.05.2010,73.69,40.13,10444.37,86.540,5158.10,1320.90,1379.88,1115.05,30.4955
70,20.05.2010,71.84,38.49,10068.01,85.706,5073.10,1263.99,1303.24,1071.59,31.4335
71,21.05.2010,71.68,39.28,10193.39,85.537,5062.90,1264.91,1297.91,1087.69,31.0950
72,24.05.2010,71.17,38.61,10066.57,86.337,5069.60,1269.37,1311.70,1073.65,31.0540
73,25.05.2010,69.55,38.52,10043.75,86.888,4940.70,1197.39,1226.57,1074.03,31.4445
74,26.05.2010,71.74,38.23,9974.45,87.244,5038.10,1265.18,1305.25,1067.95,31.1900
75,27.05.2010,74.66,39.90,10258.99,86.282,5195.20,1305.99,1358.60,1103.06,30.6550
76,28.05.2010,74.02,39.34,10136.63,86.582,5188.40,1309.09,1366.90,1089.41,30.6539
77,01.06.2010,72.71,38.80,10024.02,86.725,5163.30,1325.49,1373.87,1070.71,31.2077
78,02.06.2010,73.75,40.00,10249.54,86.877,5151.30,1341.24,1383.87,1098.38,31.1653
79,03.06.2010,75.41,40.00,10255.28,87.214,5211.20,1350.48,1393.12,1102.83,31.1650
80,04.06.2010,72.09,38.43,9931.97,88.315,5126.00,1333.49,1360.74,1064.88,31.5150
81,07.06.2010,72.12,37.90,9816.49,88.463,5069.10,1322.00,1340.82,1050.47,31.7225
82,08.06.2010,72.30,38.48,9939.98,88.473,5028.10,1301.41,1315.61,1062.00,31.8100
83,09.06.2010,74.27,38.35,9899.25,87.935,5085.90,1315.13,1334.55,1055.69,31.6863
84,10.06.2010,75.29,39.62,10172.53,87.166,5132.50,1340.09,1358.94,1086.84,31.6575
85,11.06.2010,74.35,39.76,10211.07,87.517,5163.70,1336.09,1356.79,1091.60,31.6075
86,15.06.2010,76.20,40.80,10404.77,86.290,5217.80,1371.31,1396.57,1115.23,31.2800
87,16.06.2010,78.14,40.79,10409.46,86.386,5237.90,1369.59,1401.63,1114.61,31.2180
88,17.06.2010,78.68,40.84,10434.17,85.982,5253.90,1356.18,1400.66,1116.04,30.9370
89,18.06.2010,78.22,40.78,10450.64,85.976,5250.80,1367.71,1409.43,1117.51,30.9890
90,21.06.2010,78.82,40.91,10442.41,86.239,5299.10,1406.21,1457.95,1113.20,30.8341
91,22.06.2010,78.04,40.37,10293.52,86.408,5247.00,1388.11,1434.93,1095.31,30.9246
92,23.06.2010,76.27,39.93,10298.44,86.048,5178.50,1377.97,1418.42,1092.04,31.0116
93,24.06.2010,76.47,39.28,10152.80,86.017,5100.20,1363.15,1402.97,1073.69,31.0550
94,25.06.2010,78.12,39.54,10143.81,85.579,5046.50,1347.58,1387.66,1076.76,30.9915
95,28.06.2010,77.59,39.21,10138.52,85.922,5071.70,1363.40,1403.42,1074.57,31.0685
96,29.06.2010,75.44,37.97,9870.30,86.340,4914.20,1323.29,1356.05,1041.24,31.3252
97,30.06.2010,75.01,37.60,9774.02,86.281,4916.90,1309.31,1339.35,1030.71,31.2425
98,01.07.2010,72.34,37.83,9732.53,84.984,4805.80,1254.65,1288.72,1027.37,31.0350
99,02.07.2010,71.65,37.68,9686.48,84.670,4838.10,1288.05,1316.65,1022.58,31.1065
100,06.07.2010,71.45,38.16,9743.62,84.306,4965.00,1327.63,1353.66,1028.06,31.0550
101,07.07.2010,73.51,39.23,10018.28,84.038,5014.80,1327.77,1352.71,1060.27,31.0040
102,08.07.2010,74.71,39.65,10138.99,84.036,5105.50,1320.64,1356.09,1070.25,30.8350
103,09.07.2010,75.42,39.89,10198.03,84.152,5132.90,1324.17,1359.45,1077.96,30.8750
104,12.07.2010,74.37,39.69,10216.27,84.407,5167.00,1344.57,1386.42,1078.75,30.7720
105,13.07.2010,76.65,40.31,10363.02,83.821,5271.00,1367.91,1409.61,1095.34,30.5975
106,14.07.2010,76.77,40.46,10366.72,83.598,5253.50,1358.60,1412.14,1095.17,30.5640
107,15.07.2010,76.19,40.50,10359.31,82.743,5211.30,1340.20,1403.33,1096.48,30.3700
108,16.07.2010,75.37,39.38,10097.90,82.658,5158.90,1327.55,1389.92,1064.88,30.5195
109,19.07.2010,75.62,39.63,10154.43,82.705,5148.28,1336.55,1394.92,1071.25,30.5351
110,20.07.2010,76.22,40.03,10229.96,82.929,5139.46,1328.71,1388.43,1083.48,30.5089
111,21.07.2010,75.37,39.34,10120.53,83.593,5214.64,1354.83,1417.49,1069.59,30.5015
112,22.07.2010,77.82,40.49,10322.30,82.782,5313.81,1381.36,1442.91,1093.67,30.3665
113,23.07.2010,77.45,40.80,10424.62,82.629,5312.62,1380.86,1449.19,1102.66,30.3476
114,26.07.2010,77.50,41.17,10525.43,82.242,5351.12,1396.92,1467.68,1115.01,30.2270
115,27.07.2010,76.13,41.27,10537.69,82.328,5365.67,1401.56,1481.32,1113.84,30.1913
116,29.07.2010,77.59,41.10,10467.16,81.754,5313.95,1418.35,1503.68,1101.53,30.1750
117,30.07.2010,78.18,41.11,10465.94,81.655,5258.02,1397.12,1479.73,1101.60,30.2850
118,02.08.2010,80.82,42.27,10674.38,81.055,5397.11,1429.36,1523.16,1125.86,29.9760
119,03.08.2010,82.68,42.18,10636.38,80.684,5396.48,1412.25,1517.65,1120.46,29.7313
120,04.08.2010,82.20,42.24,10680.43,80.992,5386.16,1418.05,1523.80,1127.24,29.8168
121,05.08.2010,81.61,42.13,10674.98,80.930,5365.78,1414.65,1517.87,1125.81,29.8470
122,06.08.2010,80.16,42.08,10653.56,80.496,5332.39,1403.08,1509.85,1121.64,29.7850
123,09.08.2010,80.99,42.27,10698.75,80.789,5410.52,1419.20,1520.56,1127.79,29.9230
124,10.08.2010,79.60,42.08,10644.25,80.924,5376.41,1397.66,1492.90,1121.06,30.0380
125,11.08.2010,77.64,40.44,10378.83,82.428,5245.21,1376.88,1460.67,1089.47,30.3910
126,12.08.2010,75.52,40.32,10319.95,82.767,5266.06,1375.54,1447.68,1083.61,30.5820
127,13.08.2010,75.11,40.28,10303.15,83.038,5275.44,1371.46,1445.37,1079.25,30.5450
128,16.08.2010,74.85,40.49,10302.01,82.635,5276.10,1373.22,1445.94,1079.38,30.4880
129,17.08.2010,76.93,40.94,10405.85,82.324,5350.55,1391.47,1464.49,1092.54,30.4150
130,18.08.2010,76.47,41.01,10415.54,82.310,5302.87,1386.80,1458.36,1094.16,30.4440
131,19.08.2010,75.30,40.36,10271.21,82.540,5211.29,1375.11,1445.72,1075.63,30.4390
132,20.08.2010,74.26,40.03,10213.62,83.160,5195.28,1366.32,1425.03,1071.69,30.6610
133,23.08.2010,73.62,39.83,10174.41,83.228,5234.84,1366.76,1425.91,1067.36,30.6960
134,24.08.2010,72.38,39.25,10040.45,83.206,5155.95,1339.82,1396.86,1051.87,30.8050
135,25.08.2010,73.48,39.25,10060.06,83.331,5117.24,1334.66,1385.81,1055.33,30.9720
136,26.08.2010,75.02,39.11,9985.81,82.983,5155.84,1356.43,1409.51,1047.22,30.6960
137,27.08.2010,76.65,39.90,10150.65,82.968,5201.56,1366.50,1421.47,1064.59,30.7060
138,31.08.2010,74.64,39.35,10014.72,83.254,5225.22,1368.90,1421.21,1049.33,30.7830
139,01.09.2010,76.35,40.56,10269.47,82.549,5366.41,1394.57,1449.99,1080.29,30.7150
140,02.09.2010,76.93,41.03,10320.10,82.501,5371.04,1401.81,1455.64,1090.10,30.7010
141,03.09.2010,76.67,41.39,10447.93,82.124,5428.15,1410.16,1467.62,1104.51,30.6270
142,07.09.2010,77.74,40.86,10340.69,82.844,5407.82,1398.70,1453.47,1091.84,30.8590
143,08.09.2010,78.17,41.18,10387.01,82.580,5429.74,1422.08,1468.11,1098.87,30.8230
144,09.09.2010,77.47,41.46,10415.24,82.690,5494.16,1437.47,1492.00,1104.18,30.8430
145,10.09.2010,78.16,41.55,10462.77,82.701,5501.64,1433.82,1487.09,1109.55,30.8860
146,13.09.2010,79.03,42.26,10544.13,82.092,5565.53,1441.58,1503.22,1121.90,30.6660
147,14.09.2010,79.16,42.40,10526.49,81.339,5567.41,1433.22,1493.21,1121.10,30.6170
148,15.09.2010,78.91,42.49,10572.73,81.751,5557.07,1436.38,1484.50,1125.07,30.9460
149,16.09.2010,78.48,42.40,10594.83,81.501,5540.14,1431.09,1463.88,1124.66,31.3140
150,17.09.2010,78.21,42.23,10607.85,81.641,5508.45,1417.65,1464.18,1125.59,30.9820
151,20.09.2010,79.32,42.97,10753.62,81.582,5602.54,1426.84,1467.11,1142.71,31.0680
152,21.09.2010,78.42,42.81,10761.03,80.673,5576.19,1433.90,1478.21,1139.78,31.0590
153,22.09.2010,77.95,42.70,10739.31,80.064,5562.02,1431.21,1477.01,1134.28,30.9930
154,23.09.2010,78.11,42.33,10662.42,80.247,5547.08,1430.12,1477.13,1124.83,31.0260
155,24.09.2010,78.87,43.32,10860.26,79.599,5598.48,1436.06,1488.67,1148.67,30.7580
156,27.09.2010,78.57,43.17,10812.04,79.554,5573.42,1418.67,1487.86,1142.16,30.5330
157,28.09.2010,78.71,43.26,10858.14,79.212,5578.44,1410.11,1483.68,1147.70,30.4580
158,29.09.2010,80.77,43.30,10835.28,78.905,5569.27,1419.18,1494.93,1144.73,30.4220
159,30.09.2010,82.31,43.21,10788.05,78.938,5548.62,1440.30,1507.66,1141.20,30.5690
160,01.10.2010,83.75,43.60,10829.68,78.313,5592.90,1455.63,1531.91,1146.24,30.4640
161,04.10.2010,83.28,43.16,10751.27,78.658,5555.97,1465.09,1542.58,1137.03,30.4730
162,05.10.2010,84.84,44.19,10944.72,77.967,5635.76,1474.03,1568.86,1160.75,30.0270
163,06.10.2010,85.06,44.39,10967.65,77.620,5681.39,1475.12,1578.35,1159.97,29.8470
164,07.10.2010,83.43,44.17,10948.58,77.642,5662.13,1468.31,1584.29,1158.06,29.7760
165,08.10.2010,84.03,44.53,11006.48,77.563,5657.61,1464.67,1566.85,1165.15,29.8490
166,11.10.2010,83.72,44.56,11010.34,77.664,5672.40,1482.11,1588.29,1165.32,29.9110
167,12.10.2010,83.50,44.51,11020.40,77.588,5661.59,1477.78,1574.20,1169.77,30.1030
168,13.10.2010,84.64,45.06,11096.08,77.287,5747.35,1493.21,1588.83,1178.10,30.1170
169,14.10.2010,84.53,45.13,11096.92,76.881,5727.21,1489.06,1586.94,1173.81,30.0460
170,15.10.2010,82.45,45.00,11062.78,77.268,5703.37,1491.48,1581.90,1176.19,30.3150
171,18.10.2010,84.37,45.12,11143.69,77.137,5742.52,1500.65,1583.04,1184.71,30.3870
172,19.10.2010,81.10,44.20,10978.62,78.421,5703.89,1490.49,1570.59,1165.90,30.6740
173,20.10.2010,83.60,44.84,11107.97,77.414,5728.93,1493.49,1556.74,1178.17,30.6810
174,21.10.2010,81.83,44.80,11146.57,77.634,5757.86,1528.11,1604.86,1180.26,30.5760
175,22.10.2010,82.96,44.91,11132.56,77.685,5741.37,1519.30,1608.71,1183.08,30.3470
176,25.10.2010,83.54,45.06,11164.05,77.303,5751.98,1528.24,1620.49,1185.62,30.2930
177,26.10.2010,83.66,44.90,11169.46,77.910,5707.30,1524.83,1609.79,1185.64,30.4480
178,27.10.2010,83.23,44.60,11126.28,78.377,5646.02,1507.05,1583.17,1182.45,30.6850
179,28.10.2010,83.59,44.83,11113.95,77.503,5677.89,1506.60,1583.44,1183.78,30.6460
180,29.10.2010,83.15,44.83,11118.40,77.457,5675.16,1523.39,1587.14,1183.26,30.8140
181,01.11.2010,84.62,44.89,11124.62,77.481,5694.62,1533.70,1600.36,1184.38,30.8280
182,02.11.2010,85.41,45.32,11188.72,76.892,5757.43,1537.27,1604.14,1193.57,30.7740
183,03.11.2010,86.38,45.57,11215.13,76.623,5748.97,1540.11,1602.53,1197.96,30.8200
184,08.11.2010,88.46,46.33,11406.84,77.164,5849.96,1568.26,1628.42,1223.25,30.8340
185,09.11.2010,88.33,45.95,11346.75,77.584,5875.19,1594.72,1659.45,1213.40,30.6510
186,10.11.2010,88.96,46.07,11357.04,77.770,5816.94,1574.63,1637.02,1218.71,30.7320
187,11.11.2010,88.81,45.85,11283.10,78.356,5815.23,1556.43,1629.37,1213.54,30.6200
188,12.11.2010,86.34,45.38,11192.58,78.231,5796.87,1548.96,1610.97,1199.21,30.7940
189,15.11.2010,86.70,45.34,11201.97,78.673,5820.41,1556.18,1609.43,1197.75,30.9980
190,16.11.2010,84.73,44.38,11023.50,79.333,5690.80,1526.64,1568.13,1178.34,31.1660
191,17.11.2010,83.28,44.48,11007.88,79.210,5692.56,1533.92,1570.66,1178.59,31.3050
192,18.11.2010,85.05,45.46,11181.23,78.729,5768.71,1552.21,1598.63,1196.69,31.0790
193,19.11.2010,84.34,45.54,11203.55,78.594,5732.83,1556.80,1600.98,1199.73,31.1120
194,22.11.2010,83.96,45.33,11178.58,78.768,5680.83,1550.42,1600.30,1197.84,31.1530
195,23.11.2010,83.25,44.26,11036.37,79.762,5581.28,1536.87,1573.46,1180.73,31.3580
196,24.11.2010,85.84,44.86,11187.28,79.939,5657.10,1561.97,1600.50,1198.35,31.2640
197,26.11.2010,85.58,44.48,11092.00,80.433,5668.70,1566.41,1602.48,1189.40,31.3883
198,29.11.2010,87.34,44.20,11052.49,80.902,5569.73,1554.65,1589.31,1187.76,31.3560
199,30.11.2010,85.92,43.85,11006.02,81.271,5528.27,1565.52,1597.35,1180.55,31.5311
200,01.12.2010,88.87,44.98,11255.78,80.762,5642.50,1601.76,1633.71,1206.07,31.3640
201,02.12.2010,90.69,45.75,11362.41,80.336,5767.56,1632.37,1665.72,1221.53,31.2135
202,03.12.2010,91.42,45.99,11382.09,79.407,5756.66,1649.56,1687.36,1224.71,31.2370
203,06.12.2010,91.45,45.92,11362.19,79.599,5770.28,1672.57,1711.44,1223.12,31.2245
204,07.12.2010,91.39,45.80,11359.16,79.864,5808.45,1676.41,1721.91,1223.75,31.1360
205,08.12.2010,90.77,45.89,11372.48,80.008,5794.53,1650.08,1694.30,1228.28,31.0490
206,09.12.2010,90.99,46.08,11370.06,80.085,5807.96,1660.62,1711.56,1233.00,30.9390
207,10.12.2010,90.48,46.14,11410.32,80.066,5812.95,1656.34,1712.93,1240.40,30.9270
208,13.12.2010,91.19,46.47,11428.56,79.640,5860.75,1662.45,1735.50,1240.46,30.6980
209,14.12.2010,91.21,46.54,11476.54,79.690,5891.21,1666.28,1745.80,1241.59,30.7200
210,15.12.2010,92.20,46.10,11457.47,80.582,5882.18,1670.26,1757.71,1235.23,30.8180
211,16.12.2010,91.71,46.32,11499.25,80.549,5881.12,1660.20,1744.28,1242.87,30.7440
212,17.12.2010,91.67,46.42,11491.91,80.752,5871.75,1666.84,1743.87,1243.91,30.6788
213,20.12.2010,92.74,46.35,11478.13,80.972,5894.10,1663.11,1739.67,1247.08,30.8471
214,21.12.2010,93.20,46.30,11533.16,81.069,5951.80,1673.83,1755.79,1254.60,30.7415
215,22.12.2010,93.65,46.39,11559.49,81.073,5983.49,1682.61,1764.04,1258.84,30.6500
216,23.12.2010,94.25,46.37,11573.49,80.832,5996.07,1684.52,1765.51,1256.77,30.6332
217,29.12.2010,94.14,46.61,11585.38,80.102,5996.36,1677.68,1767.82,1259.78,30.4585
218,30.12.2010,93.09,46.66,11569.71,79.798,5971.01,1687.99,1770.28,1257.88,30.5623
219,31.12.2010,94.75,46.81,11577.51,79.288,5899.94,1687.99,1772.53,1257.64,30.5770
220,11.01.2011,97.61,46.68,11671.88,81.135,6014.03,1713.97,1802.23,1274.48,30.5505
221,12.01.2011,98.12,47.44,11755.44,80.250,6050.72,1759.46,1868.94,1285.96,30.0995
222,13.01.2011,98.06,47.41,11731.90,79.406,6023.88,1749.75,1878.14,1283.76,29.9455
223,14.01.2011,98.68,47.77,11787.38,79.366,5988.12,1744.74,1870.09,1293.24,30.0026
224,18.01.2011,97.80,47.92,11837.93,79.160,6056.43,1765.30,1900.94,1295.02,29.9020
225,19.01.2011,98.16,47.55,11825.29,78.811,5976.70,1764.44,1902.75,1281.92,29.8380
226,20.01.2011,96.58,47.24,11822.80,78.984,5867.91,1733.89,1868.46,1280.26,29.9930
227,21.01.2011,97.60,47.34,11871.84,78.370,5896.25,1747.39,1884.76,1283.35,29.7845
228,24.01.2011,96.61,47.64,11980.52,78.193,5943.85,1720.70,1861.66,1290.84,29.8440
229,25.01.2011,95.25,47.62,11977.19,78.145,5917.71,1716.24,1863.33,1291.18,29.7110
230,26.01.2011,97.91,47.83,11985.44,78.035,5977.63,1746.55,1894.92,1296.63,29.7155
231,27.01.2011,97.39,47.95,11989.83,77.854,5965.08,1751.54,1911.48,1299.54,29.6050
232,28.01.2011,99.42,46.83,11823.70,78.280,5881.37,1735.01,1885.53,1276.34,29.8168
233,31.01.2011,101.01,47.31,11891.93,77.865,5862.94,1723.42,1870.31,1286.12,29.7990
234,01.02.2011,101.74,48.27,12040.16,77.193,5957.82,1755.95,1910.01,1307.59,29.6302
235,02.02.2011,102.34,48.17,12041.97,77.278,5996.56,1765.42,1931.38,1304.03,29.4450
236,03.02.2011,101.76,48.26,12062.26,77.867,5983.34,1749.78,1917.07,1307.10,29.4460
237,04.02.2011,99.83,48.21,12092.15,78.157,5997.38,1766.53,1928.58,1310.87,29.4029
238,07.02.2011,99.25,48.43,12161.63,78.122,6044.16,1767.31,1935.15,1319.05,29.2708
239,08.02.2011,99.92,48.69,12233.15,78.094,6091.33,1729.53,1910.50,1324.57,29.2631
240,09.02.2011,101.82,48.46,12239.89,77.721,6052.29,1723.32,1900.28,1320.88,29.2497
241,10.02.2011,100.87,48.23,12229.29,78.327,6020.01,1676.77,1846.92,1321.87,29.3247
242,11.02.2011,101.43,48.44,12273.26,78.565,6062.90,1713.93,1881.90,1329.15,29.3237
243,14.02.2011,103.08,48.48,12268.19,78.717,6063.56,1708.43,1879.56,1332.32,29.3015
244,15.02.2011,101.64,48.47,12226.64,78.660,6037.08,1695.98,1865.99,1328.01,29.3275
245,16.02.2011,103.78,48.86,12288.17,78.277,6085.27,1707.14,1877.44,1336.32,29.2050
246,18.02.2011,102.52,49.24,12391.25,77.720,6082.99,1690.11,1868.40,1343.01,29.1025
247,22.02.2011,105.78,47.92,12212.79,77.823,5996.76,1700.98,1874.76,1315.44,29.2846
248,24.02.2011,111.36,47.81,12068.50,77.096,5919.98,1715.20,1901.14,1306.10,29.0545
249,25.02.2011,112.14,48.40,12130.45,77.300,6001.20,1747.72,1932.82,1319.88,28.9525
250,28.02.2011,111.80,48.78,12226.34,76.921,5994.01,1777.84,1969.91,1327.22,28.8470
251,01.03.2011,115.42,48.11,12058.02,77.083,5953.87,1758.44,1962.66,1306.33,28.7445
252,02.03.2011,116.35,48.33,12066.80,76.689,5914.89,1765.38,1991.29,1308.44,28.3885
253,03.03.2011,114.79,49.12,12258.20,76.495,6005.09,1772.83,2017.82,1330.97,28.1865
254,04.03.2011,115.97,48.71,12169.88,76.416,5990.39,1764.96,2012.68,1321.15,28.1560
255,09.03.2011,115.94,48.58,12213.09,76.719,5937.30,1779.24,2012.22,1320.02,28.3805
256,10.03.2011,115.43,47.52,11984.61,77.274,5845.29,1731.80,1949.35,1295.11,28.6235
257,11.03.2011,113.84,47.65,12044.40,76.770,5828.67,1719.95,1929.59,1304.28,28.5140
258,14.03.2011,113.67,47.23,11993.16,76.462,5775.24,1726.78,1944.91,1296.39,28.5025
259,15.03.2011,108.52,46.48,11855.42,76.656,5695.28,1700.54,1906.83,1281.87,28.7105
260,16.03.2011,110.62,45.34,11613.30,76.986,5598.23,1705.18,1915.95,1256.88,28.7380
261,17.03.2011,114.90,46.05,11774.59,76.340,5693.80,1737.62,1945.74,1273.72,28.6285
262,18.03.2011,113.93,46.59,11858.52,75.971,5720.80,1747.32,1962.92,1279.21,28.4315
263,21.03.2011,114.96,47.40,12036.53,75.655,5786.09,1753.19,1981.98,1298.38,28.2610
264,22.03.2011,115.70,47.46,12018.63,75.673,5762.71,1741.34,1976.38,1293.77,28.1935
265,23.03.2011,115.55,47.50,12086.02,76.046,5795.88,1770.56,1997.00,1297.54,28.3150
266,24.03.2011,115.72,48.02,12170.56,75.888,5880.87,1795.40,2027.89,1309.66,28.2995
267,25.03.2011,115.59,47.77,12220.59,76.485,5900.76,1807.46,2041.49,1313.80,28.3430
268,28.03.2011,114.80,47.63,12197.88,76.376,5904.49,1810.90,2045.06,1310.19,28.3565
269,29.03.2011,115.16,48.02,12279.01,76.502,5932.17,1788.14,2018.74,1319.44,28.3570
270,30.03.2011,115.13,48.42,12350.61,76.357,5948.30,1815.60,2035.92,1328.26,28.5205
271,31.03.2011,117.36,48.36,12319.73,76.072,5938.66,1813.59,2044.20,1325.83,28.4485
272,01.04.2011,118.70,48.73,12376.72,76.083,6009.92,1843.43,2076.78,1332.41,28.2390
273,04.04.2011,121.06,48.87,12400.03,76.159,6016.98,1852.02,2092.32,1332.87,28.2735
274,05.04.2011,122.22,48.91,12393.90,76.111,6007.06,1848.21,2088.64,1332.63,28.2715
275,06.04.2011,122.30,49.16,12426.75,75.757,6041.13,1859.99,2110.90,1335.54,28.1639
276,07.04.2011,122.67,48.97,12409.49,75.810,6007.37,1844.33,2089.52,1333.51,28.2215
277,08.04.2011,126.65,49.05,12380.05,75.273,6055.75,1855.97,2123.56,1328.17,27.9420
278,11.04.2011,123.98,48.83,12381.11,75.282,6053.44,1845.78,2113.55,1324.46,28.0569
279,12.04.2011,120.92,48.40,12263.58,75.065,5964.47,1799.94,2062.52,1314.16,28.1190
280,13.04.2011,122.88,48.56,12270.99,75.190,6010.44,1809.83,2062.47,1314.41,28.2395
281,14.04.2011,122.36,48.62,12285.15,74.888,5963.80,1781.51,2028.67,1314.52,28.1960
282,15.04.2011,123.45,48.57,12341.83,75.028,5996.01,1780.36,2030.32,1319.68,28.1210
283,18.04.2011,121.61,47.88,12201.59,75.730,5870.08,1714.07,1950.15,1305.14,28.4240
284,19.04.2011,121.33,48.28,12266.75,75.249,5896.87,1755.63,1988.12,1312.62,28.2715
285,20.04.2011,123.85,49.13,12453.54,74.567,6022.26,1783.38,2030.97,1330.36,28.0715
286,21.04.2011,123.99,49.47,12505.99,74.180,6018.30,1780.60,2040.60,1337.38,27.9363
287,26.04.2011,124.14,49.86,12595.37,74.025,6069.36,1766.28,2033.32,1347.24,27.7495
288,27.04.2011,125.13,50.37,12690.96,73.691,6068.16,1744.95,2017.64,1355.66,27.6015
289,28.04.2011,125.02,50.54,12763.31,73.311,6069.90,1749.65,2028.94,1360.48,27.5275
290,03.05.2011,122.45,50.21,12807.51,73.315,6082.88,1691.45,1976.74,1356.62,27.3525
291,04.05.2011,121.19,49.78,12723.58,73.213,5984.07,1657.54,1949.94,1347.32,27.3425
292,05.05.2011,110.80,49.08,12584.17,74.375,5919.98,1644.92,1916.33,1335.10,27.6630
293,06.05.2011,109.13,49.25,12638.74,75.080,5976.77,1681.01,1936.29,1340.20,27.6828
294,10.05.2011,117.63,49.96,12760.36,74.782,6018.89,1678.13,1927.82,1357.16,27.7275
295,11.05.2011,112.57,49.24,12630.03,75.517,5976.00,1654.78,1908.46,1342.08,27.8535
296,12.05.2011,112.98,49.42,12695.92,75.417,5944.96,1630.78,1864.95,1348.65,28.0375
297,13.05.2011,113.83,48.64,12595.75,75.938,5925.87,1632.23,1866.30,1337.77,27.9337
298,16.05.2011,112.73,48.46,12548.37,75.651,5923.69,1622.98,1846.32,1329.47,28.1390
299,17.05.2011,109.99,48.58,12479.58,75.545,5861.00,1608.66,1828.89,1328.98,28.0430
300,18.05.2011,112.30,48.98,12560.18,75.632,5923.49,1627.03,1849.60,1340.68,27.9790
301,19.05.2011,111.42,49.19,12605.32,75.277,5955.99,1630.72,1859.14,1343.60,27.9155
302,20.05.2011,112.39,48.66,12512.04,75.579,5948.49,1603.97,1825.34,1333.27,28.1770
303,23.05.2011,110.10,47.76,12381.26,76.234,5835.89,1573.14,1765.04,1317.37,28.4825
304,24.05.2011,112.53,47.90,12356.21,76.023,5858.41,1598.82,1800.04,1316.28,28.3637
305,25.05.2011,114.93,48.09,12394.66,76.030,5870.14,1614.86,1808.13,1320.47,28.4565
306,26.05.2011,115.05,48.58,12402.76,75.632,5880.99,1606.21,1818.36,1325.69,28.2515
307,27.05.2011,115.03,48.83,12441.58,75.018,5938.87,1638.06,1858.39,1331.10,27.9795
308,31.05.2011,116.73,49.70,12569.79,74.696,5989.99,1666.30,1888.60,1345.20,27.9285
309,01.06.2011,114.53,48.56,12290.14,74.731,5928.61,1650.68,1876.81,1314.55,27.9865
310,02.06.2011,115.54,48.73,12248.55,74.375,5847.92,1658.39,1883.09,1312.94,27.8985
311,03.06.2011,115.84,48.46,12151.26,73.807,5855.01,1633.02,1858.08,1300.16,27.7955
312,06.06.2011,114.48,47.83,12089.96,73.999,5863.16,1633.49,1865.64,1286.17,27.8212
313,07.06.2011,116.78,48.07,12070.81,73.528,5864.65,1662.71,1904.22,1284.94,27.7333
314,08.06.2011,117.85,47.61,12048.94,73.939,5808.89,1664.83,1911.41,1279.56,27.7500
315,09.06.2011,119.57,48.12,12124.36,74.201,5856.34,1692.34,1940.98,1289.00,27.7270
316,10.06.2011,118.78,47.21,11951.91,74.798,5769.30,1683.96,1926.02,1270.98,27.8374
317,14.06.2011,120.16,47.82,12076.11,74.692,5803.13,1681.66,1925.56,1287.87,27.8505
318,15.06.2011,117.10,46.76,11897.27,76.072,5742.55,1678.82,1919.05,1265.42,27.9788
319,16.06.2011,114.02,46.65,11961.52,76.224,5698.81,1671.10,1896.72,1267.64,28.1085
320,17.06.2011,113.21,46.76,12004.36,75.461,5714.94,1645.82,1878.55,1271.50,28.0540
321,20.06.2011,111.69,46.94,12080.38,75.500,5693.39,1626.14,1858.34,1278.36,28.0330
322,21.06.2011,110.95,47.74,12190.01,74.931,5775.31,1635.38,1872.45,1295.52,27.9575
323,22.06.2011,114.21,46.82,12109.67,75.188,5772.99,1640.13,1878.38,1287.14,27.9665
324,23.06.2011,107.26,46.50,12050.00,75.904,5674.38,1607.91,1829.97,1283.50,28.2180
325,24.06.2011,105.12,46.12,11934.58,76.210,5697.72,1633.99,1857.04,1268.45,28.2405
326,27.06.2011,105.99,46.49,12043.56,75.828,5722.34,1626.95,1842.20,1280.10,28.1330
327,28.06.2011,108.78,47.07,12188.69,75.490,5766.88,1651.50,1874.34,1296.67,28.0880
328,29.06.2011,112.40,47.69,12261.42,75.074,5855.95,1660.00,1894.58,1307.41,27.9510
329,30.06.2011,112.48,48.25,12414.34,74.635,5945.71,1666.59,1906.71,1320.64,27.9015
330,01.07.2011,111.77,48.90,12582.77,74.674,5989.76,1698.10,1937.57,1339.67,27.8470
331,05.07.2011,113.61,48.75,12569.87,74.985,6024.03,1709.99,1953.07,1337.88,27.8830
332,06.07.2011,113.62,48.61,12626.02,75.440,6002.92,1705.41,1939.01,1339.22,27.9725
333,07.07.2011,118.59,49.05,12719.49,75.257,6054.55,1740.53,1976.90,1353.22,27.8935
334,08.07.2011,118.33,48.62,12657.20,75.514,5990.58,1724.57,1958.40,1343.80,28.0025
335,11.07.2011,117.24,47.40,12505.76,76.374,5929.16,1701.48,1919.08,1319.49,28.2233
336,12.07.2011,117.75,47.11,12446.88,76.234,5868.96,1705.92,1916.81,1313.64,28.3060
337,13.07.2011,118.78,47.68,12491.61,75.547,5904.19,1714.19,1936.42,1317.72,27.9960
338,14.07.2011,118.32,47.28,12437.12,75.562,5846.95,1715.49,1939.68,1308.87,28.1075
339,15.07.2011,117.26,47.58,12479.73,75.520,5843.66,1714.60,1938.54,1316.14,28.0515
340,18.07.2011,116.05,46.95,12385.16,75.793,5752.81,1687.63,1904.29,1305.44,28.1295
341,19.07.2011,117.06,47.69,12587.42,75.513,5789.99,1700.13,1926.23,1326.73,28.0385
342,20.07.2011,118.15,47.84,12571.91,75.094,5853.82,1701.37,1936.54,1325.84,27.9356
343,21.07.2011,117.51,48.67,12724.41,74.231,5899.89,1729.00,1972.50,1343.80,27.7270
344,22.07.2011,118.67,48.76,12681.16,74.412,5935.02,1728.84,1976.82,1345.02,27.7789
345,25.07.2011,117.94,48.47,12592.80,74.254,5925.26,1726.93,1979.54,1337.43,27.7185
346,26.07.2011,118.28,48.54,12501.30,73.629,5929.73,1722.11,1987.79,1331.94,27.5245
347,27.07.2011,117.43,47.49,12302.55,74.273,5856.58,1706.28,1976.18,1304.89,27.5540
348,28.07.2011,117.36,47.28,12240.11,74.391,5873.21,1720.38,1985.11,1300.67,27.5655
349,29.07.2011,116.74,47.15,12143.24,74.036,5815.19,1705.18,1965.02,1292.28,27.6135
350,01.08.2011,116.81,46.73,12132.49,74.456,5774.43,1725.10,1985.78,1286.94,27.7541
351,02.08.2011,116.46,45.65,11866.62,74.666,5718.39,1713.25,1968.14,1254.05,27.8405
352,03.08.2011,113.23,45.78,11896.44,74.199,5584.51,1655.36,1901.73,1260.34,27.8281
353,04.08.2011,107.25,43.23,11383.68,75.360,5393.14,1620.68,1855.69,1200.07,28.1765
354,05.08.2011,109.37,43.38,11444.61,74.802,5068.95,1587.00,1798.75,1199.38,28.1690
355,08.08.2011,103.74,40.38,10809.85,74.938,5077.50,1499.79,1657.77,1119.46,29.0605
356,09.08.2011,102.57,42.49,11239.77,74.724,5164.92,1497.81,1610.22,1172.53,29.8798
357,10.08.2011,106.68,40.51,10719.94,74.769,5007.16,1431.41,1537.57,1120.76,29.8412
358,11.08.2011,108.02,42.35,11143.31,74.810,5168.24,1438.91,1544.83,1172.64,29.5115
359,12.08.2011,108.03,42.71,11269.02,74.743,5320.03,1470.56,1594.68,1178.81,29.1415
360,15.08.2011,109.91,43.72,11482.90,73.929,5350.58,1510.69,1655.03,1204.49,28.6180
361,16.08.2011,109.47,43.04,11405.93,74.093,5357.63,1481.18,1632.31,1192.76,28.7375
362,17.08.2011,110.60,43.31,11410.21,73.758,5331.60,1509.19,1663.86,1193.89,28.7655
363,18.08.2011,106.99,41.35,10990.58,74.315,5092.23,1452.83,1584.20,1140.65,29.1490
364,19.08.2011,108.62,40.56,10817.65,74.106,5040.76,1438.74,1575.33,1123.53,29.1315
365,22.08.2011,108.36,40.78,10854.65,74.168,5095.30,1443.93,1578.45,1123.82,29.0975
366,23.08.2011,109.31,42.15,11176.76,73.961,5129.42,1444.11,1578.91,1162.35,28.9730
367,24.08.2011,110.15,42.32,11320.71,74.087,5205.85,1461.62,1601.03,1177.60,28.9220
368,25.08.2011,110.62,41.57,11149.82,74.362,5131.10,1442.51,1583.97,1159.27,28.8840
369,26.08.2011,111.36,42.07,11284.54,73.869,5129.92,1458.84,1596.17,1176.80,28.8220
370,30.08.2011,114.02,43.28,11559.95,73.996,5268.66,1514.10,1662.35,1212.92,28.8570
371,31.08.2011,114.85,43.68,11613.53,74.173,5394.53,1546.05,1702.28,1218.89,28.9470
372,01.09.2011,114.29,43.38,11493.57,74.557,5418.65,1551.58,1703.86,1204.42,29.0575
373,02.09.2011,112.33,42.35,11240.26,74.839,5292.03,1515.89,1657.25,1173.97,29.1570
374,06.09.2011,112.89,41.61,11139.30,76.057,5156.84,1499.70,1618.63,1165.24,29.6350
375,07.09.2011,115.80,42.79,11414.86,75.566,5318.59,1546.52,1669.75,1198.62,29.5215
376,08.09.2011,114.55,42.16,11295.81,76.352,5340.38,1556.46,1675.14,1185.90,29.7340
377,09.09.2011,112.77,40.90,10992.13,77.300,5214.65,1518.22,1625.29,1154.23,30.0095
378,12.09.2011,112.25,40.88,11061.12,77.666,5129.62,1493.19,1566.64,1162.27,30.2565
379,13.09.2011,111.89,41.22,11105.85,76.997,5174.25,1498.16,1572.00,1172.87,30.2090
380,14.09.2011,112.40,41.71,11246.73,76.875,5227.02,1504.92,1570.38,1188.68,30.3575
381,15.09.2011,115.34,42.40,11433.18,76.267,5337.54,1525.28,1603.39,1209.11,30.3925
382,16.09.2011,112.22,42.50,11509.09,76.593,5368.41,1511.50,1574.94,1216.01,30.5371
383,19.09.2011,109.14,41.80,11401.01,77.435,5259.56,1493.19,1526.01,1204.09,31.3530
384,20.09.2011,110.54,41.71,11408.66,77.528,5363.71,1519.95,1535.62,1202.09,31.4225
385,21.09.2011,110.36,40.51,11124.84,77.859,5288.41,1507.25,1518.64,1166.76,31.6020
386,22.09.2011,105.49,38.84,10733.83,79.100,5041.61,1389.43,1387.86,1129.56,32.0985
387,23.09.2011,103.97,39.21,10771.48,79.228,5066.81,1327.19,1315.95,1136.43,32.0550
388,26.09.2011,103.94,40.02,11043.86,79.063,5089.37,1346.86,1315.25,1162.95,32.4000
389,27.09.2011,107.14,40.78,11190.69,78.028,5294.05,1380.42,1369.93,1175.38,31.6945
390,28.09.2011,103.81,39.97,11010.90,78.429,5217.63,1377.87,1367.37,1151.06,31.7600
391,29.09.2011,103.95,40.52,11153.98,78.603,5196.84,1407.71,1389.14,1160.40,31.8855
392,30.09.2011,102.76,39.12,10913.38,79.075,5128.48,1366.54,1341.09,1131.42,32.2580
393,03.10.2011,101.71,38.00,10655.30,79.937,5075.50,1344.66,1291.70,1099.23,32.7530
394,04.10.2011,99.79,38.73,10808.71,80.104,4944.44,1267.77,1224.92,1123.95,32.7200
395,05.10.2011,102.73,39.52,10939.95,79.385,5102.17,1265.67,1217.21,1144.03,32.6320
396,06.10.2011,105.73,40.44,11123.33,79.088,5291.26,1318.29,1271.71,1164.97,32.3740
397,07.10.2011,105.88,40.07,11103.12,79.149,5303.40,1351.42,1311.91,1155.46,32.1176
398,10.10.2011,108.95,41.62,11433.18,77.811,5399.00,1380.86,1365.73,1194.89,31.5637
399,11.10.2011,110.73,41.58,11416.30,77.908,5395.70,1364.06,1355.21,1195.54,31.5225
400,12.10.2011,111.36,42.23,11518.85,77.274,5441.80,1396.51,1407.77,1207.25,31.1165
401,13.10.2011,111.11,42.14,11478.13,77.284,5403.38,1388.77,1396.27,1203.66,31.2435
402,14.10.2011,114.68,42.94,11644.49,76.907,5466.36,1431.92,1449.28,1224.58,30.8790
403,17.10.2011,110.16,41.96,11397.00,77.428,5436.70,1403.05,1427.31,1200.86,30.8730
404,18.10.2011,111.15,42.78,11577.05,77.412,5410.35,1425.24,1427.26,1225.38,31.0678
405,19.10.2011,108.39,42.14,11504.62,77.416,5450.49,1420.50,1438.63,1209.88,31.1750
406,20.10.2011,109.76,42.07,11541.78,77.236,5384.68,1418.85,1423.03,1215.39,31.2625
407,21.10.2011,109.56,43.04,11808.79,76.628,5488.65,1447.01,1456.73,1238.25,31.0635
408,24.10.2011,111.45,43.70,11913.62,76.262,5548.06,1482.81,1508.82,1254.19,30.6010
409,25.10.2011,110.92,42.92,11706.62,76.321,5525.54,1462.17,1500.05,1229.05,30.5065
410,26.10.2011,108.91,43.55,11869.04,76.473,5553.24,1499.79,1530.11,1242.00,30.6638
411,27.10.2011,112.08,45.33,12208.55,75.011,5713.82,1525.52,1592.93,1284.59,29.9335
412,28.10.2011,109.91,45.18,12231.11,75.216,5702.24,1526.57,1610.32,1285.09,29.8240
413,31.10.2011,109.56,43.55,11955.01,76.306,5544.22,1498.60,1563.28,1253.30,30.3020
414,01.11.2011,109.54,42.23,11657.96,77.390,5421.57,1456.29,1484.98,1218.28,30.8215
415,02.11.2011,109.34,42.99,11836.04,77.181,5484.10,1488.86,1526.19,1237.90,30.7650
416,03.11.2011,110.83,43.89,12044.47,76.856,5545.64,1501.18,1542.39,1261.15,30.4100
417,07.11.2011,114.56,43.76,12068.39,77.141,5510.82,1521.01,1563.24,1261.12,30.5235
418,08.11.2011,115.00,44.23,12170.18,76.751,5567.34,1520.88,1579.82,1275.92,30.2375
419,09.11.2011,112.31,42.24,11780.94,78.167,5460.38,1470.80,1512.85,1229.10,30.7105
420,10.11.2011,113.71,42.60,11893.79,77.973,5444.82,1489.58,1529.71,1239.69,30.5475
421,11.11.2011,114.16,43.58,12153.68,77.131,5545.38,1484.97,1530.70,1263.85,30.3605
422,14.11.2011,111.89,43.06,12078.98,77.753,5519.04,1484.38,1527.16,1251.78,30.6088
423,15.11.2011,112.39,43.18,12096.16,78.062,5517.44,1487.84,1526.98,1257.81,30.7105
424,16.11.2011,111.88,42.45,11905.59,78.206,5509.02,1483.24,1520.75,1236.91,30.7855
425,17.11.2011,108.22,41.65,11770.73,78.489,5423.14,1475.32,1512.67,1216.13,31.0063
426,18.11.2011,107.56,41.71,11796.16,78.255,5362.94,1460.56,1495.87,1215.65,30.8395
427,21.11.2011,106.88,40.67,11547.31,78.463,5222.60,1390.56,1424.97,1192.98,31.1850
428,22.11.2011,109.03,40.59,11493.72,78.435,5206.82,1401.91,1431.13,1188.04,31.0665
429,23.11.2011,107.02,39.64,11257.55,79.351,5139.78,1404.26,1422.00,1161.79,31.5100
430,25.11.2011,106.40,39.45,11231.78,79.831,5164.65,1410.84,1413.18,1158.67,31.5263
431,28.11.2011,109.00,40.92,11523.01,79.436,5312.76,1466.22,1475.25,1192.55,31.3802
432,29.11.2011,110.82,41.08,11555.63,79.151,5337.00,1454.67,1466.36,1195.19,31.2995
433,30.11.2011,110.52,43.05,12045.68,78.491,5505.42,1499.62,1540.81,1246.96,30.7000
434,01.12.2011,108.99,42.91,12020.03,78.433,5489.34,1505.27,1546.70,1244.58,30.7615
435,02.12.2011,109.94,42.89,12019.42,78.731,5552.29,1505.77,1545.57,1244.28,30.8890
436,05.12.2011,109.81,43.31,12097.83,78.671,5567.96,1517.89,1559.28,1257.08,30.9545
437,06.12.2011,110.81,43.23,12150.13,78.571,5568.72,1457.90,1485.67,1258.47,31.3488
438,07.12.2011,109.53,43.47,12196.37,78.552,5546.91,1448.39,1467.69,1261.01,31.2605
439,08.12.2011,108.11,42.30,11997.70,78.912,5483.77,1456.36,1473.56,1234.35,31.4675
440,09.12.2011,108.62,43.11,12184.26,78.681,5529.21,1396.28,1410.28,1255.19,31.4495
441,12.12.2011,107.26,42.15,12021.39,79.580,5427.86,1349.96,1363.67,1236.47,31.6870
442,13.12.2011,109.50,41.59,11954.94,80.289,5490.15,1378.56,1387.13,1225.73,31.7425
443,14.12.2011,105.02,41.14,11823.48,80.622,5366.80,1372.42,1369.65,1211.82,31.8910
444,15.12.2011,105.09,41.40,11868.81,80.341,5400.85,1393.61,1395.28,1215.75,31.7550
445,16.12.2011,103.35,41.35,11866.39,80.249,5387.34,1383.42,1373.73,1219.66,31.9495
446,19.12.2011,103.64,40.84,11766.26,80.207,5364.99,1382.88,1370.11,1205.35,32.1120
447,20.12.2011,106.73,41.72,12103.58,80.273,5419.60,1409.84,1395.79,1241.30,31.9213
448,21.12.2011,107.71,41.69,12107.74,80.350,5389.74,1385.17,1382.50,1243.72,31.7530
449,22.12.2011,107.89,42.07,12169.65,80.306,5456.97,1385.66,1396.03,1254.00,31.3755
450,23.12.2011,107.96,42.36,12294.00,80.236,5512.70,1376.11,1394.12,1265.33,31.1495
451,28.12.2011,107.56,41.69,12151.41,80.883,5507.40,1383.09,1382.19,1249.64,31.8245
452,29.12.2011,108.01,42.19,12287.04,80.911,5566.77,1387.06,1365.13,1263.02,32.1015
453,30.12.2011,107.38,42.17,12217.56,80.522,5572.28,1402.23,1381.87,1257.60,32.1935
454,03.01.2012,112.13,42.98,12397.38,79.912,5699.91,1444.76,1434.23,1277.06,31.6855
455,04.01.2012,113.70,42.97,12418.42,80.425,5668.45,1447.59,1434.19,1277.30,31.8695
456,05.01.2012,112.74,42.80,12415.70,81.250,5624.26,1434.91,1415.48,1281.06,32.0395
457,06.01.2012,113.06,42.47,12359.92,81.597,5649.68,1440.60,1423.70,1277.81,31.9815
458,09.01.2012,112.45,42.62,12392.69,81.388,5612.26,1448.36,1430.13,1280.70,31.8840
459,10.01.2012,113.28,43.00,12462.47,81.101,5696.70,1476.88,1469.76,1292.08,31.5925
460,11.01.2012,112.24,43.15,12449.45,81.614,5670.82,1465.47,1452.69,1292.48,31.7005
461,12.01.2012,111.26,43.17,12471.02,81.036,5662.42,1464.53,1458.24,1295.50,31.5575
462,13.01.2012,110.44,42.82,12422.06,81.791,5636.64,1463.43,1446.46,1289.09,31.8730
463,17.01.2012,111.53,43.18,12482.07,81.429,5693.95,1486.34,1476.31,1293.67,31.5805
464,18.01.2012,110.66,43.85,12578.95,80.822,5702.37,1493.70,1488.37,1308.04,31.4445
465,19.01.2012,111.55,44.22,12623.98,80.405,5741.15,1503.70,1503.89,1314.50,31.3075
466,20.01.2012,109.86,44.30,12720.48,80.406,5728.55,1491.15,1496.41,1315.38,31.3405
467,23.01.2012,110.58,44.47,12708.82,79.934,5782.56,1499.27,1522.57,1316.00,30.9050
468,24.01.2012,110.03,44.34,12675.75,80.026,5751.90,1488.70,1514.93,1314.65,30.7615
469,25.01.2012,109.81,44.75,12756.96,79.717,5723.00,1498.79,1534.14,1326.05,30.5640
470,26.01.2012,110.79,44.70,12734.63,79.513,5795.20,1514.72,1573.04,1318.43,30.3620
471,27.01.2012,111.46,44.75,12660.46,79.011,5733.45,1508.04,1565.82,1316.33,30.0805
472,30.01.2012,110.75,44.39,12653.72,79.302,5671.09,1496.30,1546.59,1313.01,30.3800
473,31.01.2012,110.98,44.48,12632.91,79.417,5681.61,1514.03,1577.29,1312.41,30.2920
474,01.02.2012,111.56,45.05,12716.46,79.033,5790.72,1539.36,1599.56,1324.09,30.1750
475,02.02.2012,112.07,45.26,12705.41,79.110,5796.07,1542.39,1602.99,1325.54,30.2030
476,03.02.2012,114.58,45.90,12862.23,79.057,5901.07,1564.82,1625.60,1344.90,30.1345
477,06.02.2012,115.93,45.71,12845.13,79.186,5892.20,1562.87,1626.46,1344.33,30.1225
478,07.02.2012,116.23,45.88,12878.20,78.675,5890.26,1549.49,1632.35,1347.05,29.8175
479,08.02.2012,117.20,46.01,12883.95,78.734,5875.93,1555.11,1643.53,1349.96,29.7490
480,09.02.2012,118.59,46.02,12890.46,78.652,5895.47,1541.64,1638.09,1351.95,29.7330
481,10.02.2012,117.31,45.44,12801.23,79.226,5852.39,1525.17,1603.25,1342.64,30.0290
482,13.02.2012,117.93,45.94,12874.04,79.045,5905.70,1559.21,1645.94,1351.77,29.9215
483,14.02.2012,118.16,45.72,12878.28,79.694,5899.87,1562.13,1644.10,1350.50,30.0545
484,15.02.2012,118.93,45.61,12780.95,79.783,5892.16,1579.38,1661.36,1343.23,30.1010
485,16.02.2012,120.11,46.17,12904.08,79.455,5885.38,1570.36,1641.51,1358.04,30.0550
486,17.02.2012,119.58,46.30,12949.87,79.456,5905.07,1568.54,1656.60,1361.23,29.9455
487,21.02.2012,121.66,46.39,12965.69,79.136,5928.20,1558.98,1655.35,1362.21,29.7505
488,22.02.2012,122.90,46.29,12938.67,79.303,5916.55,1538.17,1642.01,1357.66,29.6990
489,24.02.2012,125.47,46.72,12982.95,78.401,5935.13,1594.55,1722.05,1365.74,29.1215
490,27.02.2012,124.17,46.52,12981.51,78.578,5915.55,1592.66,1728.13,1367.59,29.0195
491,28.02.2012,121.55,46.96,13005.12,78.300,5927.91,1574.10,1708.16,1372.18,29.0125
492,29.02.2012,122.66,46.68,12952.07,78.794,5871.51,1597.67,1734.99,1365.68,29.2065
493,01.03.2012,126.20,47.03,12980.30,78.834,5931.25,1595.78,1723.57,1374.09,29.1360
494,02.03.2012,123.65,46.74,12977.57,79.462,5911.13,1608.08,1726.73,1369.63,29.3660
495,05.03.2012,123.80,46.49,12962.81,79.365,5874.82,1625.74,1752.17,1364.33,29.3525
496,06.03.2012,121.98,45.27,12759.15,79.926,5765.80,1562.19,1676.48,1343.36,29.6575
497,07.03.2012,124.12,45.78,12837.33,79.763,5791.41,1572.83,1677.21,1352.63,29.6240
498,12.03.2012,125.34,46.51,12959.71,79.913,5892.75,1604.26,1714.12,1371.09,29.6210
499,13.03.2012,126.22,47.27,13177.68,80.210,5955.91,1611.88,1729.91,1395.95,29.4400
500,14.03.2012,124.97,47.07,13194.10,80.536,5945.43,1631.15,1752.02,1394.28,29.5845
501,15.03.2012,123.55,47.39,13252.76,80.136,5940.72,1626.63,1754.81,1402.60,29.4370
502,16.03.2012,125.81,47.48,13232.62,79.734,5965.58,1618.99,1748.32,1404.17,29.2295
503,19.03.2012,125.71,47.68,13239.13,79.712,5961.11,1586.41,1722.50,1409.75,29.1135
504,20.03.2012,124.12,47.33,13170.19,79.825,5891.41,1558.65,1693.07,1405.52,29.2540
505,21.03.2012,124.20,47.11,13124.62,79.896,5891.95,1551.78,1686.91,1402.89,29.2790
506,22.03.2012,123.14,46.70,13046.14,79.998,5845.65,1529.51,1653.80,1392.78,29.4515
507,23.03.2012,125.13,46.92,13080.73,79.576,5854.89,1540.97,1668.41,1397.11,29.2650
508,26.03.2012,125.65,47.54,13241.63,79.179,5902.70,1565.12,1712.85,1416.51,28.9600
509,27.03.2012,125.54,47.39,13197.73,79.222,5869.55,1554.28,1699.68,1412.52,29.0605
510,28.03.2012,124.16,47.12,13126.21,79.299,5808.99,1520.37,1647.44,1405.54,29.3825
511,29.03.2012,122.39,46.86,13145.82,79.357,5742.03,1494.86,1613.41,1403.28,29.4305
512,30.03.2012,122.88,47.20,13212.04,79.138,5768.45,1517.34,1637.73,1408.47,29.3075
513,02.04.2012,125.43,47.69,13264.49,78.963,5874.89,1521.90,1643.20,1419.04,29.2950
514,03.04.2012,124.86,47.21,13199.55,79.641,5838.34,1550.05,1681.80,1413.38,29.3045
515,04.04.2012,122.34,46.41,13074.75,79.949,5703.77,1512.88,1632.21,1398.96,29.4460
516,05.04.2012,123.43,46.35,13060.14,80.293,5723.67,1525.11,1642.62,1398.08,29.3980
517,10.04.2012,119.88,45.10,12715.93,80.098,5595.55,1498.07,1606.98,1358.59,29.8395
518,11.04.2012,120.18,45.57,12805.39,79.993,5634.74,1505.77,1615.69,1368.71,29.6415
519,12.04.2012,121.71,46.38,12986.58,79.449,5710.46,1501.63,1620.19,1387.57,29.4160
520,13.04.2012,121.83,45.67,12849.59,80.055,5651.79,1502.65,1612.74,1370.26,29.6165
521,16.04.2012,118.68,45.78,12921.41,79.732,5666.28,1477.71,1587.58,1369.57,29.6050
522,17.04.2012,118.78,46.44,13115.54,79.627,5766.95,1471.61,1585.40,1390.78,29.4975
523,18.04.2012,117.97,46.29,13032.75,79.674,5745.29,1468.55,1583.06,1385.14,29.5325
524,19.04.2012,118.00,46.05,12964.10,79.707,5744.55,1496.60,1609.56,1376.92,29.5040
525,20.04.2012,118.76,46.22,13029.26,79.313,5772.15,1505.10,1619.53,1378.53,29.4560
526,23.04.2012,118.71,45.67,12927.17,79.536,5665.57,1466.34,1572.88,1366.94,29.5035
527,24.04.2012,118.16,45.90,13001.56,79.326,5709.49,1457.40,1576.22,1371.97,29.3655
528,25.04.2012,119.12,46.44,13090.72,79.111,5718.89,1461.85,1583.42,1390.69,29.3580
529,26.04.2012,119.92,46.66,13204.62,79.001,5748.72,1447.06,1574.61,1399.98,29.3315
530,27.04.2012,119.83,46.83,13228.31,78.757,5777.11,1469.65,1594.20,1403.36,29.3190
531,02.05.2012,118.20,46.68,13268.57,79.201,5758.11,1446.04,1569.10,1402.31,29.4305
532,03.05.2012,116.08,46.28,13206.59,79.293,5766.55,1442.71,1560.11,1391.57,29.5330
533,04.05.2012,113.18,45.50,13038.27,79.587,5655.06,1391.14,1498.05,1369.10,29.7695
534,08.05.2012,112.73,45.14,12932.09,79.849,5554.55,1384.02,1481.06,1363.72,30.1460
535,10.05.2012,112.73,44.81,12855.04,80.257,5543.95,1408.31,1489.45,1357.99,30.1575
536,11.05.2012,112.26,44.64,12820.60,80.404,5575.52,1392.00,1464.53,1353.39,30.1650
537,14.05.2012,111.57,43.99,12695.35,80.748,5465.52,1337.42,1401.73,1338.35,30.3910
538,15.05.2012,112.24,43.52,12632.00,81.380,5437.62,1344.75,1400.77,1330.66,30.6790
539,16.05.2012,111.71,43.16,12598.55,81.524,5405.25,1335.10,1373.82,1324.80,31.0410
540,17.05.2012,107.49,42.48,12442.49,81.540,5338.38,1287.79,1313.43,1304.86,31.1225
541,18.05.2012,107.14,42.27,12369.38,81.424,5267.62,1271.48,1289.46,1295.22,31.3105
542,21.05.2012,108.81,43.03,12504.48,81.232,5304.48,1298.42,1318.29,1315.99,31.1170
543,22.05.2012,108.41,42.93,12502.81,81.648,5403.28,1301.09,1321.87,1316.63,31.3775
544,23.05.2012,105.56,42.76,12496.15,82.235,5266.41,1256.55,1264.29,1318.86,31.7372
545,24.05.2012,106.55,42.67,12529.75,82.487,5350.05,1284.48,1287.43,1320.68,31.7935
546,25.05.2012,106.83,42.49,12454.83,82.523,5351.53,1281.60,1272.69,1317.82,32.0905
547,29.05.2012,106.68,43.09,12580.69,82.581,5391.14,1327.08,1307.03,1332.42,32.3005
548,30.05.2012,103.47,42.28,12419.86,83.086,5297.28,1308.30,1273.26,1313.32,32.8247
549,31.05.2012,101.87,42.33,12393.45,83.129,5320.86,1306.42,1242.43,1310.33,33.3365
550,01.06.2012,98.43,41.27,12118.57,82.973,5260.19,1298.08,1227.65,1278.04,33.6740
551,06.06.2012,100.64,42.79,12414.79,82.379,5384.11,1313.21,1277.54,1315.13,32.3442
552,07.06.2012,99.93,42.87,12460.96,82.106,5447.79,1336.33,1303.96,1314.99,32.4630
553,08.06.2012,99.47,42.91,12554.20,82.562,5435.08,1332.92,1282.48,1325.66,32.5280
554,13.06.2012,97.13,42.66,12496.38,82.057,5483.81,1346.43,1309.58,1314.88,32.4720
555,14.06.2012,97.03,43.06,12651.91,81.988,5467.05,1346.04,1304.07,1329.10,32.5000
556,15.06.2012,97.61,43.56,12767.17,81.605,5478.81,1375.23,1337.50,1342.84,32.3750
557,18.06.2012,96.05,43.60,12741.82,81.854,5491.09,1389.00,1348.38,1344.78,32.4100
558,19.06.2012,95.76,44.20,12837.33,81.586,5586.31,1389.97,1350.15,1357.98,32.3850
559,20.06.2012,92.69,44.25,12824.39,81.734,5622.29,1374.69,1332.64,1355.69,32.5750
560,21.06.2012,89.23,42.53,12573.57,82.488,5566.36,1363.58,1306.85,1325.51,33.1820
561,22.06.2012,90.98,42.82,12640.78,82.442,5513.69,1347.15,1281.88,1335.02,33.2100
562,25.06.2012,91.01,42.04,12502.66,82.662,5450.65,1330.15,1261.89,1313.72,33.2350
563,26.06.2012,93.02,42.28,12534.67,82.539,5446.96,1342.82,1288.67,1319.99,32.9130
564,27.06.2012,93.50,42.66,12627.01,82.810,5523.92,1365.93,1306.82,1331.85,32.9660
565,28.06.2012,91.36,42.59,12602.26,83.007,5493.06,1342.91,1280.92,1329.04,33.1330
566,29.06.2012,97.80,43.87,12880.09,81.753,5571.15,1387.52,1350.51,1362.16,32.3950
567,02.07.2012,97.34,44.13,12871.39,82.008,5640.64,1402.74,1357.34,1365.51,32.5760
568,03.07.2012,100.68,44.56,12943.82,81.872,5687.73,1437.45,1408.43,1374.02,32.2240
569,05.07.2012,100.70,44.16,12896.67,82.942,5692.63,1435.76,1388.07,1367.58,32.5140
570,06.07.2012,98.19,43.66,12772.47,83.561,5662.63,1414.28,1357.71,1354.68,32.8700
571,09.07.2012,100.32,43.56,12736.29,83.351,5627.33,1414.62,1352.50,1352.46,32.9850
572,10.07.2012,97.97,43.27,12653.12,83.559,5664.07,1422.58,1362.95,1341.47,32.8940
573,11.07.2012,100.23,43.32,12604.53,83.728,5664.48,1405.15,1355.86,1341.45,32.7080
574,12.07.2012,101.07,42.97,12573.27,83.809,5608.25,1394.30,1340.17,1334.76,32.7420
575,13.07.2012,102.40,43.60,12777.09,83.474,5666.13,1416.50,1368.69,1356.78,32.5620
576,16.07.2012,103.55,43.54,12727.21,83.218,5662.43,1422.03,1374.02,1353.64,32.5320
577,17.07.2012,104.00,43.77,12805.54,83.168,5629.09,1430.17,1382.00,1363.67,32.3500
578,18.07.2012,105.16,44.09,12908.70,83.196,5685.77,1426.29,1390.63,1372.78,32.2290
579,19.07.2012,107.80,44.33,12943.36,82.980,5714.19,1434.47,1413.97,1376.51,31.8270
580,20.07.2012,106.83,43.70,12822.57,83.573,5651.77,1415.38,1391.55,1362.66,32.0610
581,23.07.2012,103.26,43.01,12721.46,83.815,5533.87,1372.97,1323.96,1350.52,32.6700
582,24.07.2012,103.42,42.63,12617.32,84.145,5499.23,1365.75,1314.27,1338.31,32.9430
583,25.07.2012,104.38,42.71,12676.05,83.641,5498.32,1367.67,1318.31,1337.89,32.6510
584,26.07.2012,105.26,43.66,12887.93,82.859,5573.16,1384.06,1349.90,1360.02,32.3570
585,27.07.2012,106.47,44.55,13075.66,82.765,5627.21,1406.30,1382.82,1385.97,32.0350
586,30.07.2012,106.20,44.53,13073.01,82.868,5693.63,1428.62,1398.07,1385.30,32.1770
587,31.07.2012,104.92,44.23,13008.68,82.710,5635.28,1407.02,1377.35,1379.32,32.2110
588,01.08.2012,105.96,44.18,12971.06,83.178,5712.82,1411.85,1374.98,1375.14,32.4020
589,02.08.2012,105.90,43.76,12878.88,83.451,5662.30,1397.05,1355.32,1365.00,32.6600
590,03.08.2012,108.94,44.82,13096.17,82.446,5787.28,1421.28,1398.33,1390.99,31.9900
591,06.08.2012,109.55,45.07,13117.51,82.304,5808.77,1439.06,1433.54,1394.23,31.5780
592,07.08.2012,112.00,45.43,13168.60,82.250,5841.24,1450.74,1445.34,1401.35,31.5450
593,08.08.2012,112.14,45.43,13175.64,82.439,5845.92,1449.49,1444.79,1402.22,31.5330
594,09.08.2012,113.22,45.54,13165.19,82.710,5851.51,1456.41,1447.09,1402.80,31.7100
595,10.08.2012,112.95,45.62,13207.95,82.631,5847.11,1441.59,1427.33,1405.87,31.8300
596,13.08.2012,113.60,45.52,13169.43,82.486,5831.88,1452.42,1436.15,1404.11,31.8740
597,14.08.2012,114.03,45.54,13172.14,82.527,5864.78,1462.57,1445.29,1403.93,31.8440
598,15.08.2012,116.25,45.48,13164.78,82.711,5833.04,1448.32,1427.67,1405.53,31.8690
599,16.08.2012,116.90,45.98,13250.11,82.417,5834.51,1451.87,1431.07,1415.51,31.8590
600,17.08.2012,113.71,45.99,13275.20,82.663,5852.42,1444.27,1416.78,1418.16,32.0380
601,20.08.2012,113.70,45.97,13271.64,82.500,5824.37,1428.75,1403.55,1418.13,32.0590
602,21.08.2012,114.64,46.00,13203.58,81.920,5857.52,1454.48,1442.72,1413.17,31.7650
603,22.08.2012,114.91,45.99,13172.76,81.497,5774.20,1446.84,1430.48,1413.49,31.7840
604,23.08.2012,115.01,45.63,13057.46,81.359,5776.60,1453.50,1442.94,1402.08,31.6950
605,24.08.2012,113.59,45.80,13157.97,81.603,5776.60,1454.08,1436.84,1411.13,31.8150
606,28.08.2012,112.58,45.69,13102.99,81.381,5775.71,1450.81,1428.88,1409.30,31.9930
607,29.08.2012,112.54,45.64,13107.48,81.564,5743.53,1437.14,1410.16,1410.49,32.2130
608,30.08.2012,112.65,45.15,13000.71,81.713,5719.45,1429.82,1384.26,1399.48,32.5590
609,31.08.2012,114.57,45.46,13090.84,81.216,5711.48,1422.91,1389.72,1406.58,32.2500
610,04.09.2012,114.18,45.33,13035.94,81.316,5672.01,1436.52,1405.71,1404.94,32.2970
611,05.09.2012,113.09,45.25,13047.48,81.235,5657.86,1421.62,1391.02,1403.44,32.2960
612,06.09.2012,113.49,46.26,13292.00,81.033,5777.34,1455.07,1437.37,1432.12,31.9570
613,07.09.2012,114.25,46.75,13306.64,80.234,5794.80,1474.58,1471.80,1437.92,31.6650
614,10.09.2012,114.81,46.40,13254.29,80.343,5793.20,1478.83,1476.44,1429.08,31.6770
615,11.09.2012,115.40,46.73,13323.36,79.836,5792.19,1478.05,1480.05,1433.56,31.5150
616,12.09.2012,115.96,46.93,13333.35,79.723,5782.08,1478.54,1482.51,1436.56,31.4560
617,13.09.2012,116.90,47.75,13539.86,79.237,5819.92,1472.60,1484.88,1459.99,31.0740
618,14.09.2012,116.66,48.08,13593.37,78.841,5915.55,1535.38,1589.40,1465.77,30.5030
619,17.09.2012,113.79,47.84,13553.10,78.843,5893.52,1530.36,1582.22,1461.19,30.6340
620,18.09.2012,112.03,47.77,13564.64,79.346,5868.16,1515.30,1547.74,1459.32,30.9110
621,19.09.2012,108.19,47.80,13577.96,79.127,5888.48,1499.12,1517.58,1461.05,31.2090
622,20.09.2012,110.03,47.58,13596.93,79.478,5854.64,1499.28,1515.88,1460.26,31.2370
623,21.09.2012,111.42,47.55,13579.47,79.398,5852.62,1496.65,1522.63,1460.15,31.0410
624,24.09.2012,109.81,47.42,13558.92,79.577,5838.84,1489.92,1509.58,1456.89,31.1430
625,25.09.2012,110.45,46.99,13457.55,79.608,5859.71,1482.61,1510.96,1441.59,31.2000
626,26.09.2012,110.04,46.69,13413.51,79.948,5768.09,1445.38,1456.99,1433.32,31.3110
627,27.09.2012,112.01,47.20,13485.97,79.592,5779.42,1453.09,1474.76,1447.15,30.9880
628,28.09.2012,112.39,46.69,13437.13,80.025,5742.07,1458.26,1475.70,1440.67,31.1850
629,01.10.2012,112.19,46.94,13515.11,79.909,5820.45,1490.21,1513.81,1444.49,31.2000
630,02.10.2012,111.57,47.06,13482.36,79.830,5809.45,1485.63,1507.77,1445.75,31.1350
631,03.10.2012,108.17,47.04,13494.61,80.064,5825.81,1472.50,1492.30,1450.99,31.1610
632,04.10.2012,112.58,47.45,13575.36,79.440,5827.78,1456.74,1483.03,1461.40,30.9850
633,05.10.2012,112.02,47.51,13610.15,79.428,5871.02,1477.60,1508.72,1460.93,31.0080
634,08.10.2012,111.82,47.26,13583.65,79.622,5841.74,1473.61,1492.51,1455.88,31.1840
635,09.10.2012,114.50,46.68,13473.53,80.069,5810.25,1472.94,1494.16,1441.48,31.1450
636,10.10.2012,114.33,46.53,13344.97,80.017,5776.71,1460.93,1483.84,1432.56,31.1170
637,11.10.2012,115.71,46.71,13326.39,79.860,5829.75,1463.12,1490.41,1432.84,31.0410
638,12.10.2012,114.62,46.63,13328.85,79.740,5793.32,1446.01,1472.36,1428.59,31.1100
639,15.10.2012,115.80,46.94,13424.23,79.806,5805.61,1443.42,1466.82,1440.13,31.0060
640,16.10.2012,115.07,47.51,13551.78,79.464,5870.54,1456.07,1488.18,1454.92,30.8590
641,17.10.2012,113.22,47.88,13557.00,79.059,5910.91,1474.30,1513.96,1460.91,30.7530
642,18.10.2012,112.42,47.75,13548.94,79.425,5917.05,1475.27,1512.01,1457.34,30.8000
643,19.10.2012,110.14,47.02,13343.51,79.688,5896.15,1460.06,1494.44,1433.19,30.8920
644,22.10.2012,109.44,47.24,13345.89,79.736,5882.91,1474.92,1497.63,1433.82,31.1070
645,23.10.2012,108.25,46.47,13102.53,80.080,5797.91,1455.31,1456.73,1413.11,31.3820
646,24.10.2012,107.85,46.45,13077.34,80.015,5804.78,1451.61,1462.43,1408.75,31.4350
647,25.10.2012,108.49,46.68,13103.68,80.118,5805.05,1446.00,1456.91,1412.97,31.3800
648,26.10.2012,109.55,46.52,13107.21,80.156,5806.71,1433.52,1441.38,1411.94,31.3980
649,31.10.2012,108.70,46.45,13096.46,79.987,5782.70,1425.70,1433.96,1412.16,31.3430
650,01.11.2012,108.17,47.07,13232.62,80.136,5861.92,1430.91,1443.50,1427.59,31.2870
651,02.11.2012,105.68,46.68,13093.16,80.683,5868.55,1440.25,1444.19,1414.20,31.4800
652,06.11.2012,111.07,46.87,13245.68,80.715,5884.90,1446.46,1448.98,1428.39,31.3730
653,07.11.2012,106.82,46.25,12932.73,80.867,5791.63,1423.36,1426.94,1394.53,31.5800
654,08.11.2012,107.25,45.77,12811.32,80.886,5776.05,1407.79,1410.27,1377.51,31.5100
655,09.11.2012,109.40,45.73,12815.39,81.098,5769.68,1401.32,1397.86,1379.85,31.5750
656,12.11.2012,109.07,45.78,12815.08,81.106,5767.27,1407.90,1404.26,1380.03,31.6100
657,13.11.2012,108.26,45.55,12756.18,81.140,5786.25,1373.83,1363.63,1374.53,31.7520
658,14.11.2012,109.61,44.97,12570.95,81.100,5722.01,1372.19,1367.15,1355.49,31.7060
659,15.11.2012,110.98,45.02,12542.38,81.138,5677.75,1386.25,1381.58,1353.33,31.6660
660,16.11.2012,108.95,45.18,12588.31,81.310,5605.59,1383.66,1376.10,1359.88,31.7100
661,19.11.2012,111.70,46.06,12795.96,80.922,5737.66,1398.57,1399.70,1386.89,31.4150
662,20.11.2012,109.83,46.07,12788.51,81.000,5748.10,1396.39,1403.59,1387.81,31.3060
663,21.11.2012,110.86,46.22,12836.89,80.966,5752.03,1405.70,1420.97,1391.03,31.1830
664,23.11.2012,111.38,46.94,13009.68,80.236,5819.14,1413.15,1432.24,1409.15,31.0500
665,26.11.2012,110.92,46.84,12967.37,80.266,5786.72,1403.94,1426.96,1406.29,31.0080
666,27.11.2012,109.87,46.58,12878.13,80.430,5799.71,1394.87,1417.60,1398.94,31.0450
667,28.11.2012,109.51,46.90,12985.11,80.354,5803.28,1380.94,1397.38,1409.93,31.0700
668,29.11.2012,110.76,47.21,13021.82,80.209,5870.30,1388.31,1420.35,1415.95,30.8720
669,30.11.2012,111.23,47.19,13025.58,80.163,5866.82,1405.97,1436.55,1416.18,30.8650
670,03.12.2012,110.92,47.12,12965.60,79.872,5871.24,1421.97,1451.69,1409.46,30.8820
671,04.12.2012,109.84,47.13,12951.78,79.634,5869.04,1411.83,1443.87,1407.05,30.8400
672,05.12.2012,108.81,47.36,13034.49,79.764,5892.08,1435.97,1469.54,1409.28,30.7970
673,06.12.2012,107.03,47.49,13074.04,80.253,5901.42,1438.54,1467.00,1413.94,30.9530
674,07.12.2012,107.02,47.57,13155.13,80.402,5914.40,1441.47,1471.09,1418.07,30.8260
675,10.12.2012,107.33,47.67,13169.88,80.330,5921.63,1447.72,1480.78,1418.55,30.7910
676,11.12.2012,108.01,47.92,13248.44,80.054,5924.97,1448.43,1484.50,1427.84,30.7070
677,12.12.2012,109.50,48.02,13245.45,79.810,5945.85,1466.51,1506.91,1428.48,30.5490
678,13.12.2012,107.91,47.75,13170.72,79.913,5929.61,1462.87,1499.68,1419.45,30.7360
679,14.12.2012,109.15,47.76,13135.01,79.560,5921.76,1466.15,1500.89,1413.58,30.7070
680,17.12.2012,107.64,48.11,13235.39,79.513,5912.15,1469.53,1491.21,1430.36,30.9790
681,18.12.2012,108.84,48.12,13350.96,79.387,5935.90,1481.54,1511.43,1446.79,30.7400
682,19.12.2012,110.36,47.94,13251.97,79.313,5961.59,1478.83,1517.39,1435.81,30.7650
683,20.12.2012,110.20,48.33,13311.72,79.310,5958.34,1488.22,1528.89,1443.69,30.7030
684,21.12.2012,108.97,47.91,13190.84,79.712,5939.99,1477.44,1512.18,1430.15,30.8280
685,24.12.2012,108.80,47.79,13139.08,79.745,5954.18,1471.73,1515.87,1426.66,30.6330
686,27.12.2012,110.80,47.72,13096.31,79.719,5954.30,1478.24,1535.05,1418.10,30.3650
687,28.12.2012,110.62,47.36,12938.11,79.785,5925.37,1474.72,1526.98,1402.43,30.3690
688,08.01.2013,111.94,48.60,13328.85,80.445,6053.63,1514.82,1576.10,1457.15,30.3000
689,09.01.2013,111.76,48.77,13390.51,80.677,6098.65,1516.01,1568.59,1461.02,30.3630
690,10.01.2013,111.89,49.29,13471.22,79.817,6101.51,1507.16,1572.00,1472.12,30.1430
691,11.01.2013,110.64,49.27,13488.43,79.611,6121.58,1510.84,1571.73,1472.05,30.3280
692,14.01.2013,111.88,49.28,13507.32,79.540,6107.86,1528.48,1590.21,1470.68,30.2210
693,15.01.2013,110.30,49.24,13534.89,79.832,6117.31,1515.25,1576.54,1472.34,30.2980
694,16.01.2013,110.61,49.18,13511.23,79.854,6103.98,1514.86,1571.15,1472.63,30.3410
695,17.01.2013,111.10,49.52,13596.02,79.711,6132.36,1523.74,1585.44,1480.94,30.1730
696,18.01.2013,111.89,49.59,13649.70,80.116,6154.41,1540.55,1603.50,1485.98,30.2670
697,22.01.2013,112.42,49.72,13712.21,79.973,6179.17,1525.36,1589.02,1492.56,30.2400
698,23.01.2013,112.80,49.65,13779.33,79.990,6197.64,1537.49,1605.36,1494.81,30.1550
699,24.01.2013,113.28,49.74,13825.33,80.007,6264.91,1533.77,1604.65,1494.82,30.0780
700,25.01.2013,113.28,50.05,13895.98,79.820,6284.45,1544.02,1618.84,1502.96,30.0410
701,28.01.2013,113.48,49.88,13881.93,79.868,6294.41,1562.93,1635.50,1500.18,30.1800
702,29.01.2013,114.36,50.20,13954.42,79.624,6339.19,1549.75,1623.87,1507.84,30.0400
703,30.01.2013,114.90,50.04,13910.42,79.326,6323.11,1543.43,1618.77,1501.96,30.0430
704,31.01.2013,115.55,49.89,13860.58,79.226,6276.88,1546.76,1622.13,1498.11,30.0300
705,01.02.2013,116.76,50.34,14009.79,79.135,6347.24,1547.22,1628.31,1513.17,29.8630
706,04.02.2013,115.60,49.63,13880.08,79.573,6246.84,1535.35,1612.52,1495.71,30.0750
707,05.02.2013,116.52,49.96,13979.30,79.533,6282.76,1540.36,1614.09,1511.29,29.9680
708,06.02.2013,116.73,49.99,13986.52,79.767,6295.34,1530.38,1602.99,1512.12,30.0750
709,07.02.2013,117.24,49.79,13944.05,80.257,6228.42,1525.88,1595.36,1509.39,30.2500
710,08.02.2013,118.90,50.06,13992.97,80.316,6263.93,1519.91,1590.13,1517.93,30.1700
711,11.02.2013,118.13,49.98,13971.24,80.389,6277.06,1515.89,1581.95,1517.01,30.1600
712,12.02.2013,118.66,50.17,14018.70,80.163,6338.38,1512.03,1582.35,1519.43,30.0350
713,13.02.2013,118.72,50.28,13982.91,80.167,6359.11,1537.93,1612.65,1520.33,30.0520
714,14.02.2013,118.00,50.18,13973.39,80.538,6327.36,1519.22,1588.31,1521.38,30.1220
715,15.02.2013,117.66,50.10,13981.76,80.576,6328.26,1508.17,1577.26,1519.79,30.1130
716,19.02.2013,117.52,50.47,14035.67,80.545,6379.07,1522.69,1592.74,1530.94,30.0900
717,20.02.2013,115.60,49.94,13927.54,81.155,6395.37,1511.40,1582.63,1511.95,30.2300
718,21.02.2013,113.53,49.48,13880.62,81.551,6291.54,1493.71,1548.76,1502.42,30.4700
719,22.02.2013,114.10,49.96,14000.57,81.585,6335.70,1496.61,1551.04,1515.60,30.3900
720,25.02.2013,114.44,49.03,13784.17,81.777,6355.37,1503.66,1565.07,1487.85,30.4750
721,26.02.2013,112.71,49.32,13900.13,81.940,6270.44,1484.67,1530.82,1496.94,30.6050
722,27.02.2013,111.87,49.91,14075.37,81.672,6325.88,1487.17,1530.52,1515.99,30.4900
723,28.02.2013,111.38,49.84,14054.49,82.003,6360.81,1486.04,1534.41,1514.68,30.6500
724,01.03.2013,110.40,49.89,14089.66,82.358,6378.60,1473.54,1509.80,1518.20,30.6960
725,04.03.2013,110.09,50.00,14127.82,82.255,6345.63,1464.45,1498.79,1525.20,30.7680
726,05.03.2013,111.61,50.46,14253.77,82.147,6431.95,1484.22,1523.34,1539.79,30.6180
727,06.03.2013,111.06,50.59,14296.24,82.507,6427.64,1491.49,1529.32,1541.46,30.7820
728,07.03.2013,111.15,50.73,14329.49,82.123,6439.16,1491.35,1532.09,1544.26,30.7120
729,11.03.2013,110.22,51.02,14447.29,82.580,6503.63,1504.05,1539.87,1556.22,30.6950
730,12.03.2013,109.65,50.78,14450.06,82.595,6510.62,1501.76,1542.55,1552.48,30.6880
731,13.03.2013,108.52,50.75,14455.28,82.902,6481.50,1496.37,1531.14,1554.52,30.7980
732,14.03.2013,109.42,51.03,14539.14,82.623,6529.41,1498.97,1535.73,1563.23,30.7190
733,15.03.2013,109.82,51.01,14514.11,82.256,6489.65,1495.11,1537.66,1560.70,30.6260
734,18.03.2013,109.51,50.57,14452.06,82.574,6457.92,1462.82,1494.30,1552.10,30.8080
735,19.03.2013,107.45,50.40,14455.82,83.211,6441.32,1449.20,1478.82,1548.34,30.9970
736,20.03.2013,108.72,50.75,14511.73,82.948,6432.70,1459.03,1489.34,1558.71,30.8750
737,21.03.2013,107.47,50.20,14421.49,82.905,6388.55,1459.22,1485.73,1545.80,30.9500
738,22.03.2013,107.66,50.60,14512.03,82.529,6392.76,1441.36,1470.91,1556.89,30.8500
739,25.03.2013,108.17,50.31,14447.75,82.995,6378.38,1428.46,1458.80,1551.69,30.9400
740,26.03.2013,109.36,50.64,14559.65,83.048,6399.37,1417.00,1445.46,1563.77,30.8800
741,27.03.2013,109.69,50.58,14526.16,83.411,6387.56,1425.00,1446.04,1562.85,31.0350
742,28.03.2013,110.02,50.75,14578.54,83.175,6411.74,1434.18,1454.72,1569.19,31.1170
743,02.04.2013,110.69,50.72,14662.01,83.092,6490.66,1430.30,1440.10,1570.25,31.3230
744,03.04.2013,107.11,50.29,14550.35,82.861,6420.28,1427.94,1425.99,1553.69,31.6520
745,04.04.2013,106.34,50.49,14606.11,82.795,6344.12,1426.87,1419.45,1559.98,31.6020
746,05.04.2013,104.12,50.30,14565.25,82.603,6249.78,1416.69,1411.09,1553.28,31.5050
747,08.04.2013,104.66,50.51,14613.48,82.869,6276.94,1408.55,1419.63,1563.07,31.2230
748,09.04.2013,106.23,50.74,14673.46,82.414,6313.21,1425.49,1439.46,1568.61,31.0250
749,10.04.2013,105.79,51.40,14802.24,82.634,6387.37,1425.50,1453.81,1587.73,30.8920
750,11.04.2013,104.27,51.65,14865.14,82.325,6416.14,1401.73,1433.08,1593.37,30.8650
751,12.04.2013,103.11,51.45,14865.06,82.406,6384.39,1385.84,1405.47,1588.85,31.0650
752,15.04.2013,100.39,50.26,14599.20,82.507,6343.60,1359.69,1366.53,1552.36,31.5020
753,16.04.2013,99.91,51.01,14756.78,81.823,6304.58,1352.37,1356.65,1574.57,31.2480
754,17.04.2013,97.69,50.12,14618.59,82.791,6244.21,1335.89,1327.92,1552.01,31.8870
755,18.04.2013,99.13,49.91,14537.14,82.681,6243.67,1335.21,1327.55,1541.61,31.5850
756,19.04.2013,99.65,50.39,14547.51,82.846,6286.59,1338.43,1336.46,1555.25,31.6650
757,22.04.2013,100.39,50.58,14567.17,82.824,6280.62,1336.84,1329.14,1562.50,31.5650
758,23.04.2013,100.31,51.08,14719.46,83.186,6406.12,1339.91,1333.89,1578.78,31.6350
759,24.04.2013,101.73,51.32,14676.30,83.026,6431.76,1377.01,1375.40,1578.79,31.4800
760,25.04.2013,103.41,51.60,14700.80,82.840,6442.59,1372.20,1387.98,1585.16,31.1630
761,26.04.2013,103.16,51.52,14712.55,82.571,6426.42,1372.04,1382.22,1582.24,31.2880
762,29.04.2013,103.81,52.00,14818.75,82.202,6458.02,1362.57,1387.54,1593.61,30.9730
763,30.04.2013,102.37,52.19,14839.80,81.807,6430.12,1385.88,1407.21,1597.57,31.1280
764,02.05.2013,102.85,52.08,14831.58,82.282,6460.71,1376.56,1387.47,1597.59,31.1520
765,03.05.2013,104.19,52.65,14973.96,82.195,6521.46,1408.03,1429.86,1614.42,31.0800
766,07.05.2013,104.40,52.92,15056.20,82.335,6557.30,1430.18,1451.84,1625.96,31.0670
767,08.05.2013,104.34,53.37,15105.12,81.951,6583.48,1432.94,1452.17,1632.69,31.1480
768,10.05.2013,103.91,53.12,15118.49,83.231,6624.98,1426.25,1429.78,1633.70,31.3580
769,13.05.2013,102.82,53.10,15091.68,83.365,6631.76,1416.50,1422.29,1633.77,31.3400
770,14.05.2013,102.60,53.43,15215.25,83.713,6686.06,1405.76,1412.69,1650.34,31.3600
771,15.05.2013,103.68,53.63,15275.69,83.961,6693.55,1391.98,1391.01,1658.78,31.4550
772,16.05.2013,103.80,53.33,15233.22,83.722,6687.80,1373.65,1380.58,1650.47,31.3950
773,17.05.2013,104.64,53.76,15354.40,84.387,6723.06,1401.79,1405.34,1667.47,31.4530
774,20.05.2013,104.80,53.91,15335.28,83.842,6755.63,1406.86,1417.05,1666.29,31.2380
775,21.05.2013,103.91,54.03,15387.58,83.955,6803.87,1422.99,1433.02,1669.16,31.2400
776,22.05.2013,102.60,53.50,15307.17,84.459,6840.27,1448.42,1461.93,1655.35,31.4150
777,23.05.2013,102.44,53.17,15294.50,83.803,6696.79,1396.91,1400.84,1650.51,31.4830
778,24.05.2013,102.64,52.92,15303.10,83.758,6654.34,1380.88,1388.52,1649.60,31.3300
779,28.05.2013,104.23,53.08,15409.39,84.172,6762.01,1397.72,1399.11,1660.06,31.5240
780,29.05.2013,102.43,52.73,15302.80,83.705,6627.17,1361.43,1360.06,1648.36,31.6280
781,30.05.2013,102.19,52.91,15324.53,83.067,6656.99,1361.26,1350.42,1654.41,31.7300
782,31.05.2013,100.39,51.99,15115.57,83.401,6583.09,1350.17,1331.43,1630.74,31.9220
783,03.06.2013,102.06,52.18,15254.03,82.688,6525.12,1337.40,1319.01,1640.42,31.8430
784,04.06.2013,103.24,51.99,15177.54,82.802,6558.58,1341.62,1322.39,1631.38,31.9450
785,05.06.2013,103.04,51.19,14960.59,82.612,6419.31,1326.78,1301.08,1608.90,32.1750
786,06.06.2013,103.61,51.56,15040.62,81.537,6336.11,1316.92,1286.86,1622.56,32.1300
787,07.06.2013,104.56,52.10,15248.12,81.660,6411.99,1343.90,1314.41,1643.38,32.2080
788,10.06.2013,103.95,52.04,15238.59,81.651,6400.45,1335.25,1300.54,1642.81,32.3000
789,11.06.2013,102.96,51.45,15122.02,81.110,6340.08,1301.31,1263.66,1626.13,32.3950
790,13.06.2013,104.25,51.94,15176.08,80.742,6304.63,1281.89,1261.63,1636.36,31.9750
791,14.06.2013,105.93,51.47,15070.18,80.650,6308.26,1299.61,1293.88,1626.73,31.7270
792,17.06.2013,105.47,52.02,15179.85,80.733,6330.49,1325.27,1314.01,1639.04,31.7570
793,18.06.2013,106.02,52.36,15318.23,80.749,6374.21,1335.14,1314.06,1651.81,32.0080
794,19.06.2013,106.12,51.47,15112.19,81.595,6348.82,1323.57,1291.72,1628.93,32.3830
795,20.06.2013,102.15,49.92,14758.32,82.096,6159.51,1297.01,1243.32,1588.19,33.0550
796,21.06.2013,100.91,50.07,14799.40,82.517,6116.17,1298.89,1245.72,1592.43,32.7750
797,24.06.2013,101.16,49.23,14659.56,82.633,6029.10,1290.26,1233.04,1573.09,32.7650
798,25.06.2013,101.26,49.82,14760.31,82.800,6101.91,1297.59,1243.20,1588.03,32.8210
799,26.06.2013,101.66,50.29,14910.14,83.228,6165.48,1320.39,1261.13,1603.26,32.9430
800,27.06.2013,102.82,50.13,15024.49,83.152,6243.40,1313.23,1262.77,1613.20,32.8160
801,28.06.2013,102.16,50.00,14909.60,83.376,6215.47,1330.46,1275.44,1606.28,32.8350
802,01.07.2013,103.00,50.32,14974.96,83.253,6307.78,1336.17,1276.85,1614.96,32.9920
803,02.07.2013,104.00,50.14,14932.41,83.764,6303.94,1337.92,1274.07,1614.08,33.1900
804,03.07.2013,105.76,50.11,14988.55,83.451,6229.87,1333.35,1264.29,1615.41,33.1350
805,05.07.2013,107.72,50.42,15135.84,84.689,6375.52,1342.72,1268.59,1631.89,33.3280
806,08.07.2013,107.43,50.66,15224.69,84.414,6450.07,1348.88,1277.29,1640.46,33.2050
807,09.07.2013,107.81,51.03,15300.34,84.781,6513.08,1345.73,1282.84,1652.32,32.9950
808,10.07.2013,108.51,51.08,15291.66,84.234,6504.96,1333.71,1275.29,1652.62,32.9550
809,11.07.2013,107.73,52.21,15460.92,82.915,6543.41,1368.11,1322.76,1675.02,32.5320
810,12.07.2013,108.81,52.04,15464.30,83.163,6544.94,1398.22,1348.81,1680.19,32.6400
811,15.07.2013,109.09,52.27,15484.26,83.196,6586.11,1403.56,1354.54,1682.50,32.5920
812,16.07.2013,109.40,52.15,15451.85,82.637,6556.35,1410.10,1368.83,1676.26,32.4200
813,17.07.2013,108.61,52.34,15470.52,82.840,6571.93,1431.80,1393.05,1680.91,32.3250
814,18.07.2013,108.70,52.54,15548.54,82.955,6634.36,1416.63,1377.35,1689.37,32.4830
815,19.07.2013,108.07,52.57,15543.74,82.711,6630.67,1421.67,1382.33,1692.09,32.3770
816,22.07.2013,108.15,52.76,15545.55,82.317,6623.17,1415.52,1380.01,1695.53,32.3450
817,23.07.2013,108.42,52.82,15567.74,82.040,6597.44,1417.34,1379.88,1692.39,32.2950
818,24.07.2013,107.19,52.61,15542.24,82.400,6620.43,1407.41,1369.36,1685.94,32.4830
819,25.07.2013,107.65,52.75,15555.61,82.053,6587.95,1401.88,1353.38,1690.25,32.6650
820,26.07.2013,107.17,52.66,15558.83,81.764,6554.79,1403.14,1348.37,1691.65,32.7880
821,29.07.2013,107.45,52.38,15521.97,81.763,6560.25,1398.30,1341.34,1685.33,32.8600
822,30.07.2013,106.91,52.28,15520.59,81.919,6570.95,1387.31,1326.41,1685.96,32.9670
823,31.07.2013,107.70,52.29,15499.54,81.539,6621.06,1375.79,1313.38,1685.73,32.9600
824,01.08.2013,109.54,53.02,15628.02,82.427,6681.98,1398.46,1331.71,1706.87,33.1100
825,02.08.2013,108.95,53.18,15658.36,81.978,6647.87,1392.15,1336.39,1709.67,32.8350
826,05.08.2013,108.70,53.10,15612.13,81.936,6619.58,1391.75,1333.42,1707.14,32.9170
827,06.08.2013,108.18,52.79,15518.74,81.658,6604.21,1364.65,1304.98,1697.37,32.9850
828,07.08.2013,107.44,52.57,15470.67,81.323,6511.21,1362.91,1301.28,1690.91,32.9630
829,08.08.2013,106.68,53.00,15498.32,81.027,6529.68,1362.38,1303.28,1697.48,32.8600
830,09.08.2013,108.22,52.98,15425.51,81.170,6583.39,1382.72,1325.72,1691.42,32.8800
831,12.08.2013,108.97,52.94,15419.68,81.374,6574.34,1388.36,1326.53,1689.47,33.0200
832,13.08.2013,109.82,53.21,15451.01,81.815,6611.94,1407.86,1338.85,1694.16,33.0720
833,14.08.2013,110.20,53.07,15337.66,81.758,6587.43,1423.87,1356.34,1685.39,33.0870
834,15.08.2013,111.11,52.50,15112.19,81.207,6483.34,1391.37,1327.49,1661.32,32.9000
835,16.08.2013,110.40,52.43,15081.47,81.293,6499.99,1380.31,1323.42,1655.83,32.9170
836,19.08.2013,109.90,52.00,15010.74,81.260,6465.73,1382.32,1322.25,1646.06,32.9870
837,20.08.2013,110.15,52.06,15002.99,80.934,6453.46,1377.28,1317.77,1652.35,32.9500
838,21.08.2013,109.81,51.56,14897.55,81.223,6390.84,1376.60,1312.47,1642.80,33.1530
839,22.08.2013,109.90,52.02,14963.74,81.531,6446.87,1396.65,1329.05,1656.96,33.0550
840,23.08.2013,111.04,52.35,15010.51,81.392,6492.10,1393.21,1330.99,1663.50,33.0350
841,27.08.2013,114.36,51.23,14776.13,81.200,6440.97,1374.21,1304.33,1630.48,33.1600
842,28.08.2013,116.61,51.28,14824.51,81.465,6430.06,1369.64,1299.65,1634.96,33.1900
843,29.08.2013,115.16,51.37,14840.95,82.003,6483.05,1371.89,1300.67,1638.17,33.2580
844,30.08.2013,114.01,51.09,14810.31,82.142,6412.93,1364.65,1290.96,1632.97,33.2680
845,03.09.2013,115.68,51.60,14833.96,82.401,6468.41,1373.82,1293.11,1639.77,33.5000
846,04.09.2013,114.91,52.05,14930.87,82.205,6474.74,1375.66,1298.53,1653.08,33.3220
847,05.09.2013,115.26,52.15,14937.48,82.668,6532.44,1422.40,1339.80,1655.08,33.4430
848,06.09.2013,116.12,52.32,14922.50,82.167,6547.33,1423.40,1345.60,1655.17,33.2730
849,09.09.2013,113.72,52.97,15063.12,81.796,6530.74,1451.54,1380.37,1671.71,33.1580
850,10.09.2013,111.25,53.46,15191.06,81.819,6583.99,1453.57,1390.55,1683.99,32.9450
851,11.09.2013,111.50,53.65,15326.60,81.522,6588.43,1454.12,1394.03,1689.13,32.7850
852,12.09.2013,112.63,53.38,15300.64,81.491,6588.98,1450.23,1401.46,1683.42,32.6530
853,13.09.2013,112.78,53.56,15376.06,81.448,6583.80,1440.74,1396.57,1687.99,32.4650
854,16.09.2013,110.07,53.94,15494.78,81.072,6622.86,1470.48,1436.14,1697.60,32.3220
855,17.09.2013,108.19,54.07,15529.73,81.295,6570.17,1473.03,1439.79,1704.76,32.2080
856,18.09.2013,110.60,55.17,15676.94,80.367,6558.82,1464.95,1429.62,1725.52,31.7930
857,19.09.2013,108.76,55.02,15636.55,80.480,6625.39,1487.19,1478.75,1722.34,31.6570
858,20.09.2013,109.22,54.67,15451.09,80.549,6596.43,1476.73,1462.92,1709.91,31.8630
859,23.09.2013,108.16,54.54,15401.38,80.571,6557.37,1467.62,1451.43,1701.84,31.8140
860,24.09.2013,108.64,54.43,15334.59,80.690,6571.46,1464.72,1446.41,1697.42,31.8830
861,25.09.2013,108.32,54.34,15273.26,80.443,6551.53,1479.59,1452.98,1692.77,32.0930
862,26.09.2013,109.21,54.53,15328.30,80.638,6565.59,1485.14,1451.64,1698.67,32.3350
863,27.09.2013,108.63,54.30,15258.24,80.377,6512.66,1471.89,1432.87,1691.75,32.3150
864,30.09.2013,108.37,53.92,15129.67,80.323,6462.22,1462.82,1422.49,1681.55,32.3930
865,01.10.2013,107.94,54.36,15191.70,80.250,6460.01,1471.73,1438.04,1695.00,32.2500
866,02.10.2013,109.19,54.34,15133.14,79.989,6437.50,1454.29,1421.94,1693.87,32.2230
867,03.10.2013,109.00,53.96,14996.48,79.846,6449.04,1456.49,1427.81,1678.66,32.1710
868,04.10.2013,109.46,54.25,15072.58,80.220,6453.88,1474.21,1443.15,1690.50,32.1790
869,07.10.2013,109.68,53.79,14936.24,80.026,6437.28,1480.20,1444.32,1676.12,32.2120
870,08.10.2013,110.16,53.25,14776.53,80.132,6365.83,1505.14,1471.65,1655.45,32.4010
871,09.10.2013,109.06,53.34,14802.98,80.466,6337.91,1501.01,1461.00,1656.40,32.3200
872,10.10.2013,111.80,54.43,15126.07,80.517,6430.49,1516.73,1484.82,1692.56,32.1750
873,11.10.2013,111.28,54.76,15237.11,80.452,6487.19,1513.03,1477.00,1703.20,32.2250
874,14.10.2013,111.04,54.93,15301.26,80.311,6507.65,1510.20,1473.97,1710.14,32.2800
875,15.10.2013,109.96,54.64,15168.01,80.561,6549.11,1531.67,1495.31,1698.06,32.3030
876,16.10.2013,110.86,55.19,15373.83,80.563,6571.59,1531.57,1500.25,1721.54,32.0570
877,17.10.2013,109.11,55.72,15371.65,79.718,6576.16,1512.32,1491.85,1733.15,31.8670
878,18.10.2013,109.94,56.03,15399.65,79.727,6622.58,1533.35,1516.62,1744.50,31.8650
879,21.10.2013,109.64,56.07,15392.20,79.751,6654.20,1533.61,1514.39,1744.66,31.9750
880,22.10.2013,109.97,56.49,15467.66,79.290,6695.66,1528.76,1518.54,1754.67,31.6890
881,23.10.2013,107.80,56.06,15413.33,79.329,6674.48,1507.26,1494.96,1746.38,31.7510
882,24.10.2013,106.99,56.27,15509.21,79.245,6713.18,1502.46,1493.85,1752.07,31.6980
883,25.10.2013,106.93,56.33,15570.28,79.246,6721.34,1504.48,1492.20,1759.77,31.8110
884,28.10.2013,109.61,56.37,15568.93,79.306,6725.82,1511.51,1493.11,1762.11,31.9180
885,29.10.2013,109.01,56.57,15680.35,79.670,6774.73,1516.17,1491.56,1771.95,32.1230
886,30.10.2013,109.86,56.36,15618.76,79.837,6777.70,1516.00,1493.14,1763.31,32.0000
887,31.10.2013,108.84,56.05,15545.75,80.263,6731.43,1510.21,1480.42,1756.54,32.0830
888,01.11.2013,105.91,56.04,15615.55,80.810,6734.74,1515.15,1475.18,1761.64,32.4620
889,05.11.2013,105.33,55.94,15618.22,80.787,6746.84,1505.94,1460.23,1762.97,32.5450
890,06.11.2013,105.24,56.24,15746.88,80.559,6741.69,1499.95,1458.93,1770.49,32.3750
891,07.11.2013,103.46,55.39,15593.98,80.854,6697.22,1509.25,1468.22,1747.15,32.4580
892,08.11.2013,105.12,55.94,15761.78,81.387,6708.42,1489.55,1435.12,1770.61,32.6600
893,11.11.2013,106.40,55.96,15783.10,81.200,6728.37,1483.46,1427.93,1771.89,32.8330
894,12.11.2013,105.81,55.80,15750.67,81.252,6726.79,1500.41,1437.37,1767.69,32.8650
895,13.11.2013,107.12,56.14,15821.63,80.983,6630.00,1466.82,1406.92,1782.00,32.7530
896,14.11.2013,108.54,56.42,15876.22,81.086,6666.13,1490.89,1434.44,1790.62,32.7520
897,15.11.2013,108.50,56.83,15961.70,80.898,6693.44,1493.79,1444.24,1798.18,32.5710
898,18.11.2013,108.47,56.77,15976.02,80.826,6723.46,1510.61,1462.98,1791.53,32.5760
899,19.11.2013,106.92,56.62,15967.03,80.744,6698.01,1511.19,1455.04,1787.87,32.7160
900,20.11.2013,108.06,56.27,15900.82,81.172,6681.08,1508.52,1447.20,1781.37,32.9100
901,21.11.2013,110.08,56.64,16009.99,81.117,6681.33,1494.07,1425.86,1795.85,32.9930
902,22.11.2013,111.05,56.89,16064.77,80.742,6674.30,1504.10,1444.91,1804.76,32.7450
903,25.11.2013,111.00,56.72,16072.54,80.963,6694.62,1502.41,1433.55,1802.48,32.9210
904,26.11.2013,110.88,56.66,16072.80,80.638,6636.22,1484.37,1416.43,1802.75,32.9540
905,27.11.2013,111.31,56.82,16097.33,80.747,6649.47,1475.42,1404.31,1807.23,33.1850
906,29.11.2013,109.69,56.92,16086.41,80.657,6650.57,1479.35,1402.93,1805.81,33.1490
907,02.12.2013,111.45,56.59,16008.77,80.942,6595.33,1473.26,1398.74,1800.90,33.2240
908,03.12.2013,112.62,56.31,15914.62,80.618,6532.43,1448.84,1372.44,1795.15,33.2410
909,04.12.2013,111.88,56.15,15889.77,80.628,6509.97,1439.26,1364.44,1792.81,33.1130
910,05.12.2013,110.98,55.89,15821.51,80.241,6498.33,1429.25,1362.55,1785.03,32.9800
911,06.12.2013,111.61,56.55,16020.20,80.315,6551.99,1448.67,1390.61,1805.09,32.7670
912,09.12.2013,109.39,56.64,16025.53,80.140,6559.48,1465.70,1412.08,1808.37,32.6820
913,10.12.2013,109.38,56.53,15973.13,79.964,6523.31,1464.14,1409.85,1802.62,32.7090
914,11.12.2013,109.70,55.88,15843.53,79.890,6507.72,1464.67,1409.28,1782.22,32.7630
915,12.12.2013,108.67,55.49,15739.43,80.208,6445.25,1449.74,1393.57,1775.50,32.8280
916,13.12.2013,108.83,55.47,15755.36,80.220,6439.96,1452.76,1391.85,1775.32,32.9030
917,16.12.2013,110.47,55.91,15884.57,80.045,6522.20,1470.22,1407.25,1786.54,32.9400
918,17.12.2013,108.44,55.69,15875.26,80.214,6486.19,1479.39,1414.68,1781.00,32.9830
919,18.12.2013,109.63,56.13,16167.97,80.248,6492.08,1486.91,1423.87,1810.65,32.9000
920,19.12.2013,110.29,56.06,16179.08,80.788,6584.70,1497.99,1431.11,1809.60,32.9850
921,20.12.2013,111.77,56.31,16221.14,80.750,6606.58,1497.23,1429.91,1818.32,32.9850
922,23.12.2013,111.56,56.68,16294.61,80.617,6678.61,1507.49,1453.10,1827.99,32.7100
923,24.12.2013,111.90,56.86,16357.55,80.674,6694.17,1506.41,1454.02,1833.32,32.6270
924,27.12.2013,112.18,57.27,16478.41,80.538,6750.87,1494.83,1445.39,1841.40,32.6120
925,30.12.2013,111.21,57.38,16504.29,80.122,6731.27,1504.08,1442.73,1841.07,32.8200
926,06.01.2014,106.73,56.59,16425.10,80.806,6730.73,1466.15,1388.28,1826.77,33.2100
927,08.01.2014,107.15,56.87,16462.74,81.162,6721.78,1462.67,1390.35,1837.49,33.1770
928,09.01.2014,106.39,56.82,16444.76,81.135,6691.34,1465.14,1388.86,1838.13,33.2130
929,10.01.2014,107.25,57.19,16437.05,80.754,6739.94,1469.19,1395.91,1842.37,33.0020
930,13.01.2014,106.75,56.64,16257.94,80.611,6757.15,1477.56,1401.82,1819.20,33.2880
931,14.01.2014,106.39,57.14,16373.86,80.756,6766.86,1469.64,1388.69,1838.88,33.3180
932,15.01.2014,107.13,57.38,16481.94,81.144,6819.86,1486.51,1401.78,1848.38,33.3980
933,16.01.2014,107.09,57.33,16417.01,81.021,6815.42,1480.73,1397.23,1845.89,33.4160
934,17.01.2014,106.48,57.13,16458.56,81.362,6829.30,1486.88,1395.79,1838.70,33.6150
935,21.01.2014,106.73,57.28,16414.44,81.226,6834.26,1504.68,1395.87,1843.80,33.9770
936,22.01.2014,108.27,57.36,16373.34,81.305,6826.33,1498.73,1391.75,1844.86,33.9450
937,23.01.2014,107.58,56.85,16197.35,80.525,6773.28,1496.90,1381.59,1828.46,34.1530
938,24.01.2014,107.88,55.50,15879.11,80.541,6663.74,1494.58,1364.11,1790.29,34.5100
939,27.01.2014,106.69,55.21,15837.88,80.612,6550.66,1478.23,1346.51,1781.56,34.6880
940,28.01.2014,107.41,55.62,15928.56,80.657,6572.33,1469.57,1332.51,1792.50,34.7880
941,29.01.2014,107.85,55.03,15738.79,80.581,6544.28,1462.99,1308.00,1774.20,35.0910
942,30.01.2014,107.95,55.48,15848.61,81.193,6538.45,1463.20,1320.90,1794.19,34.9300
943,31.01.2014,106.40,54.95,15698.85,81.403,6510.44,1454.45,1301.02,1782.59,35.1760
944,03.02.2014,106.04,53.78,15372.80,81.110,6465.66,1442.84,1293.20,1741.89,35.4550
